"計算対象","日付","内容","金額（円）","保有金融機関","大項目","中項目","メモ","振替","ID"
"1","2026/01/31","machino","2000","PayPay","未分類","未分類","","0","FGUzJx7XAJeklE_arhOmDJeZc5Qk-QXSLZEFPD2H-js"
"1","2026/01/31","タイムズカー 202601ゲツガクキホンリヨウ","-880","三井住友カード (VpassID)","自動車","駐車場","","0","AzqFkdtULOiH5y5upWs_qD0ZES2BJSn1KYmCZRkAizg"
"1","2026/01/31","エーワン マルチカード 名刺用紙 両面 クリアエッジ 厚口 ソフトアイボリー 100枚分 51835 販売: Amazon.co.jp","-574","Amazon.co.jp","未分類","未分類","","0","bu3pnVgXsJwgbxRKfmy_J0D7xC-zZWv9pTuw3YUWFLI"
"0","2026/01/31","AMAZON.CO.JP","-574","三井住友カード (VpassID)","教養・教育","書籍","","1","Q-7ucrruSVVmQDtrVNdYFy5Iw9rvKHCSFu3AZZP_J9M"
"1","2026/01/30","スターバックス コーヒー - 逗子駅前店","-290","PayPay","未分類","未分類","","0","ia-ziWL33ousnm1bsZnDezj4TgqeGHgARY4H4rwORl4"
"1","2026/01/30","スターバックス コーヒー","1","PayPay","未分類","未分類","","0","btQZVjImMhNWeACM7dJD4Axn9XVXf542DJIBQ_C9320"
"1","2026/01/30","コスモ石油マーケティング株式会社/iD","-1807","三井住友カード (VpassID)","自動車","ガソリン","","0","Vsy0Rv4mrP_t1dx6S-vP-2HoDwxMpRS5r873DJZzmy0"
"1","2026/01/30","APPLE COM BILL","-1080","三井住友カード (VpassID)","通信費","その他通信費","","0","WUvlyw4If_ZWuVNjWhZgWX91OAA6HhYDtpfYNLNEDNY"
"1","2026/01/30","メルカリ","-25000","三井住友カード (VpassID)","特別な支出","仕事用","","0","9EgRdicrfWyw8vJRbUxJWaAZHjssgTXtGKUlP9OkGNw"
"1","2026/01/30","モバイルPASMOチャージ","-5000","三井住友カード (VpassID)","現金・カード","電子マネー","","0","Mc1ndFz6sgoEkJ4wZYHINj6eRFvr8upCSdSOL1iCsx4"
"0","2026/01/29","セブン (セブンBK)","60000","現金","未分類","未分類","","1","3K3PpUcz3PcKXiE7YbPayCFdFhURmTrOg_GsO65jmHs"
"0","2026/01/29","セブン (セブンBK)","-60000","横浜銀行","現金・カード","ATM引き出し","","1","1-oQCybAmmT5gbYZ4SXGINTYOYNAQd0UOrj2wRVrQNc"
"1","2026/01/29","Ad free for Prime Video 販売: AIV_AddOn_JPProd","-390","Amazon.co.jp","未分類","未分類","","0","tkiEGfPTtNtrQuGNwatuCOcN9rRFM99IHdwR8Aj1s7A"
"1","2026/01/29","文教堂 葉山店/iD","-572","三井住友カード (VpassID)","教養・教育","書籍","","0","SGBfE3umSM1IdY1eqIfPIw3d2ElFSgN1MoYDFf_lXzo"
"1","2026/01/29","日本郵便/iD","-4440","三井住友カード (VpassID)","その他","立替","","0","IPCucJO9McbhC2GHTQSoX2_2Z2onWGihy7UOGrOfh4o"
"0","2026/01/29","AMAZON.CO.JP","-390","三井住友カード (VpassID)","教養・教育","書籍","","1","9S0HpKJkBmAfBlcxR7Dv5qGuR3DDApOQfhcxxdX5oek"
"0","2026/01/29","JCBデビット","-538","みずほ銀行","現金・カード","カード引き落とし","","1","-sOyLhl2DwJtuyZB9HI_wb8Y-dVdi6092W52WTux5yc"
"1","2026/01/29","フアミリ－マ－トハヤママチ","-538","みずほJCBデビット","食費","食費","","0","rq7yxtKRIP4PlnZ700-LYaVZCEMAlU6YqeVKXcv0ndI"
"1","2026/01/28","エーワン ラベルシール クリックポスト対応ラベルシール 77220 プリンタ兼用 A4 4面 15シート 一片サイズ 105mm×148.5mm FSCミックス認証紙使用 (530円 * 2点) 販売: Amazon.co.jp","-1060","Amazon.co.jp","その他","立替","","0","RZ5QuOrDFmKFUpxybu5sxjhlOB9L9AyTqASPC7MJRgI"
"1","2026/01/28","レターパック宛名ラベルシール 裏スリット入 テンプレートプレゼント 日本製 100枚 A6AL-01 ラベルシール市場 販売: ラベルシール市場","-899","Amazon.co.jp","その他","立替","","0","2Aq6LDRwMpdyOT3sDooSQ4PtFvFe186jizrVebfD80A"
"0","2026/01/28","AMAZON.CO.JP","-899","三井住友カード (VpassID)","教養・教育","書籍","","1","JgNggvW8QRkgiFxx6svkDXqd6VQQ4sV0UDPo_qDap7c"
"0","2026/01/28","AMAZON.CO.JP","-1060","三井住友カード (VpassID)","教養・教育","書籍","","1","Zcji1v8LEq8DPep1PmQQZK6vRZR1ccMuQzxDvOYiwlA"
"1","2026/01/27","コウザフリカエ オリコ","-3400","横浜銀行","その他","返済","","0","WKGH5J4Q3W7_LfzPlUPO4EyaWNjFwT47kg6cR56RFBI"
"1","2026/01/27","コウザフリカエ ニホンガクセイシエンキ","-9899","横浜銀行","その他","返済","","0","n5QrJ9gXbwWRPnTuKAxDlC2KZSlyDlQveNleTEi-BDA"
"1","2026/01/27","ゴヘンサイ","-12916","横浜銀行","その他","返済","","0","ZVIfL2rh-dWvR49PEIeybVFfbH0Zd0BrIQhALVRBq8A"
"1","2026/01/27","khr","4400","PayPay","未分類","未分類","","0","Eosw2Xb7bSKdW0NngnQrUmNGn5tmwqiKawoqSiGY1ZI"
"1","2026/01/27","BASE","-6822","三井住友カード (VpassID)","交際費","交際費","","0","JAZaFsvfqTsjrPxOlhe7Jah7eAOjixoDH1Br8GdxPHs"
"0","2026/01/26","クレジツト ミツイスミトモカ-ド (カ","-163945","横浜銀行","現金・カード","カード引き落とし","","1","9Lfy8158i0k0bRJ_zV-GEMvn1lf6yOcGEHSoBFMn4SQ"
"1","2026/01/26","テスウリヨウ","-154","横浜銀行","その他","雑費","","0","MJjz4ic_nXFRfZM0F-sqonmxKzVdCb-rOgq34nvq5HU"
"0","2026/01/26","インタ-ネツト クドウ リク","-10000","横浜銀行","その他","返済","","1","P_c4mFkx8XwvHapR8mQPNmG-V4ggAbObKIxg-mP5dV4"
"1","2026/01/26","Yuta","1000","PayPay","未分類","未分類","","0","INj3Rn52Rwys8uI-8s7mw4D7kFg7Ci9O52oxsA52M3c"
"0","2026/01/26","クドウ リク","10000","仙台銀行","未分類","未分類","","1","3VjBGh-284Jox-q-1w9cza9gSWmeasOZzmrEDME3630"
"1","2026/01/26","レストランG","-8900","三井住友カード (VpassID)","交際費","交際費","","0","EN2xp06fcS6cqeBBBUcQPR0w5U5rGJzKRjj2SfBBU0k"
"1","2026/01/25","ニュウマン横浜 - ニュウマン横浜店","-1130","PayPay","未分類","未分類","","0","_ENKjJ485lL5GNtDF_REKIcYRbBiGfiaAlRgNsoqtrY"
"1","2026/01/25","ETC 関東支社 (自新保土ヶ谷 至新保土ヶ谷 軽・二)","-260","三井住友カード (VpassID)","自動車","道路料金","","0","5euAf3WcEG-UU22AHu8Qhn4b3AmsgTY_aVCllirFSa4"
"1","2026/01/25","ETC 関東支社 (自横須賀 至狩場 軽・二)","-630","三井住友カード (VpassID)","自動車","道路料金","","0","HLtZJIa5id8yIK6KmUYN3jvh-pcSDdI-UHXj-AuQieE"
"1","2026/01/25","BEAT ICE 公式ストア (返品)","1685","三井住友カード (VpassID)","未分類","未分類","","0","QRxHvXSZzrFhVMUEGnQaVFr148DqlJfoH_YFB-sV3pw"
"1","2026/01/25","AmazonPay提携サイト","-2800","三井住友カード (VpassID)","教養・教育","書籍","","0","hCm0doQWKv_7Vsb8Q6dfG-octfY2VaJzP253iBvuP2A"
"0","2026/01/25","JCBデビット","-850","みずほ銀行","現金・カード","カード引き落とし","","1","y_CeUiBgz2lIB1i6PNRELySsW1PHFURzrIDpFRSmgGk"
"0","2026/01/25","JCBデビット","-630","みずほ銀行","現金・カード","カード引き落とし","","1","yBOthqJPN25U7KZCK09vreVacz4ngXFDQ-xxkeBTl4M"
"0","2026/01/25","JCBデビット","-1440","みずほ銀行","現金・カード","カード引き落とし","","1","w-iANeCo3ol1bBHaOk4hgokC_zpMPOkLgWI9T-psxQ8"
"1","2026/01/25","ＡＦＵＲＩ横浜ジョイナス","-630","みずほJCBデビット","交際費","交際費","","0","d4xdJMspJgH-_tNfSJ_ItBCIeVBvuPMIK3m1-pumI9Y"
"1","2026/01/25","Ｔ・ジョイ横浜　コンセ","-850","みずほJCBデビット","交際費","交際費","","0","O0xIsXY52Fl5jFeSkL9r7X5TgGQqdAzztlfjB2vVbpU"
"1","2026/01/25","ＡＦＵＲＩ横浜ジョイナス","-1440","みずほJCBデビット","交際費","交際費","","0","-d5EK7MDYYuS7AujAl-JTBfW5HmhFHO8VOZrZ8LrrrA"
"1","2026/01/24","井上 翔宇","-1200","PayPay","未分類","未分類","","0","1Jp-RW4aIkOc6dCX4mmRm0XTlQDajHgrg_OJhJ8YAxU"
"1","2026/01/24","machino","2000","PayPay","未分類","未分類","","0","v-BdM1Ncobt_MmWpkJoJOeTdJ5c2koKyCvI6gaCvaSE"
"1","2026/01/24","Yuta","1450","PayPay","未分類","未分類","","0","sBweu75GhAqANhEmRgzsN507cQNc5atvdxWkUIBA_eI"
"1","2026/01/24","ChargeSPOT","-500","三井住友カード (VpassID)","未分類","未分類","","0","kGF8zv2M3jXuG0Ie1xdFU4RImWWs2ehPWd6SAq2AFfw"
"1","2026/01/24","BEAT ICE 公式ストア","-1685","三井住友カード (VpassID)","未分類","未分類","","0","1kuEUVquriu3Nl9htMpzbSP_Ix4QL7ZtcH_umTdptfY"
"0","2026/01/24","AMAZON.CO.JP","-461","三井住友カード (VpassID)","教養・教育","書籍","","1","LfD4Xl6rho0IkDMjTEl1epBOxemtLIz0tMCIDZdPsp0"
"1","2026/01/24","Fender ピック 346 SHAPE CLASSIC CELLULOID PICKS - 12 COUNT,MEDIUM 販売: Amazon.co.jp","-461","Amazon.co.jp","未分類","未分類","","0","I0HGDGhJD5xpUz5zxxWJDJxyW0qS_fAR9BUyz1cEhQw"
"1","2026/01/24","セブン－イレブン葉山木古庭店","-340","みずほJCBデビット","食費","食料品","","0","TO0LOCLleiZQaTL58w__CXgI-4Xmm6mfiXk0a8LjizE"
"1","2026/01/24","島忠ホームズホームセンター　横須賀店","-2957","みずほJCBデビット","その他","立替","","0","nLb1P5wyPpP62p11LIqYAwq6VH5h3bMeMC1cC3fe8yw"
"0","2026/01/24","JCBデビット","-2957","みずほ銀行","現金・カード","カード引き落とし","","1","uSsjOyBVOmNIaCDntemsbS0ixyVqw7uwjiyRmcCOJzY"
"0","2026/01/24","JCBデビット","-340","みずほ銀行","現金・カード","カード引き落とし","","1","5502sacqnsaWWTmD9Z0YPtafhCYuxuIotqYiN3ZD2RM"
"1","2026/01/23","Yuta","600","PayPay","未分類","未分類","","0","mgQREnG2OfTFqilWC-hFLkOq5Yxx1HW791SoZPlOC34"
"1","2026/01/23","Yuta","-2000","PayPay","未分類","未分類","","0","k8qGHsz5oqck-ol25FpY1fqF-fReQSJLTJm2m4clO_g"
"1","2026/01/23","Yuta","-900","PayPay","未分類","未分類","","0","BfYDtdegWbKxzCgHow7nvlx7RyqqCemVyrWUz9Ryk8U"
"0","2026/01/23","JCBデビット","-2225","みずほ銀行","現金・カード","カード引き落とし","","1","uz7HodLGaTOOcaqwrg6zoZrXGVuCZ-wJeMuJw_R3AhQ"
"1","2026/01/23","タリーズコーヒー","-2225","みずほJCBデビット","食費","カフェ","","0","9qLcorfWbgDAhFk0KCwx1rNZAKe4ptUVfsG--3r1Pow"
"1","2026/01/22","ギフトラッピング","-354","Amazon.co.jp","交際費","プレゼント代","","0","HuvrYoWNFCYLiC1eYQg2XYEMAQMK7Z0eSVwD3P42rOc"
"1","2026/01/22","富士フイルム(FUJIFILM) フジカラーレンズ付フィルム 写ルンです スタンダードタイプ 27枚撮り LF JDV1 SP FL 27SH 1 販売: Amazon.co.jp","-2600","Amazon.co.jp","交際費","プレゼント代","","0","fFcnRwz2KW66xSEQ7Q0JYe3UfiQrVBFwTGzYtnpGfIQ"
"1","2026/01/21","そうてつローゼン葉山店","12","PayPay","未分類","未分類","","0","j6FLZ6Dp4KG2v_twg6uo3kPyOaw5g6ubTCyykej95bI"
"1","2026/01/21","そうてつローゼン葉山店 - そうてつローゼン葉山店","-2576","PayPay","未分類","未分類","","0","dVn_-DcvwWfETT4h7n_EVPRKgr_VjJVGV4c7U4hc5NU"
"1","2026/01/21","京急ストア - 葉山店","-1969","PayPay","未分類","未分類","","0","ZAK4fQYC96aww5jz9XH74bre4SE2j56TrIXxdJ_cMGs"
"1","2026/01/21","京急ストア","9","PayPay","未分類","未分類","","0","bEMB7A2_NO4_L4quTWqV6Zz9YjG09JHpp_eHQ5-4BSI"
"0","2026/01/21","AMAZON.CO.JP","-2954","三井住友カード (VpassID)","教養・教育","書籍","","1","D_NZWKEzaW_Runvlpr4qjpNepwplgRM9aFpp3cz145s"
"1","2026/01/20","キユウリヨウ ニツテツソリユ-シヨンズヒガシニホン(カ","200130","横浜銀行","収入","給与","","0","LWsYAPPr4V2fqqzoFklMJ8G2yIKSwMDLf2t2oSmS6eE"
"1","2026/01/20","給与","30000","みずほ銀行","収入","給与","","0","wyEElc8Jq3x44k_7wusgnAX4sVtU-mVRLWdv-pvB8Ek"
"1","2026/01/19","振込 ミズホJCBキヤツシユバツク","3","みずほ銀行","収入","その他入金","","0","KBLG4uTIJ3k4e5AYaTJ9A3DsXQQvZQEGXoVbXk86uBU"
"1","2026/01/18","マクドナルドモバイルオーダー","-190","PayPay","未分類","未分類","","0","8d9YvHzoenU1zFdTAufWVbeBC0EpzBvqyISRYud0XWs"
"1","2026/01/18","povoご利用料金","-2780","三井住友カード (VpassID)","通信費","携帯電話","","0","68ZLOSP4_N-f6BIM_sQ9PjXx5Q49Oh9kApPuElEAZJw"
"1","2026/01/18","ラクテンペイ ブ―スネツトカフエアン","-500","三井住友カード (VpassID)","交際費","宿泊費","","0","h4-zPRu_7wyyTxSuuff508rzThKqmvE_dEEL6gJVr2k"
"1","2026/01/18","ラクテンペイ ブ―スネツトカフエアン","-2300","三井住友カード (VpassID)","交際費","宿泊費","","0","ouOex6FoKJvtNgLg76Oqy766SkWPQMu85gGKvHImEVA"
"1","2026/01/18","はなまるうどん池袋サンシャイン通り/iD","-700","三井住友カード (VpassID)","食費","食料品","","0","r3Vya_TGytbIVuPcsYxWDREEpEq-rguc0FKBtb_VPrY"
"1","2026/01/18","ブ-スネットカフェ&カプセル/iD","-400","三井住友カード (VpassID)","交際費","宿泊費","","0","XkbR4CKHfClaJ7MFybO6VE3o15ygOcorQFhkXj58Du0"
"1","2026/01/18","モバイルPASMOチャージ","-5000","三井住友カード (VpassID)","現金・カード","電子マネー","","0","aBwXC3gRvpJVySP7yfaO0G-AKJM2Y7oQ4JKVSchMrkE"
"1","2026/01/18","ChargeSPOT","-430","三井住友カード (VpassID)","未分類","未分類","","0","jueqWn8zRMgVj1htLs_spRuu5jO-lGzZEK3BMJyzzYM"
"1","2026/01/18","ChargeSPOT","-500","三井住友カード (VpassID)","未分類","未分類","","0","a0mXUNWI-5Y590VtcYXlDu5hujDiSGaeyA8nxUVhKEU"
"1","2026/01/18","ChargeSPOT","-500","三井住友カード (VpassID)","未分類","未分類","","0","wL49Ks8LekpIQFoLxxvAb_izjdfDJiiOtcPWF2jCUIU"
"1","2026/01/18","ベローチェ 神保町店/iD","-390","三井住友カード (VpassID)","未分類","未分類","","0","W445eNEzZ93DqyAuRfqKbxA9bujoNoJ2sU1PjEiu8nQ"
"1","2026/01/18","石橋楽器 池袋店/iD","-1496","三井住友カード (VpassID)","趣味・娯楽","映画・音楽・ゲーム","","0","Y_C6pJ4AOQ8ocE_bf64RKndCGsZ2oD-996zwkYVDNlw"
"1","2026/01/18","薬マツモトキヨシ/iD","-200","三井住友カード (VpassID)","日用品","ドラッグストア","","0","tnq3eteoxk_H_Fb90hXC53L9q68ukIcPxsGLzjocdXk"
"1","2026/01/18","コカ・コーラ Cmode 自販機/iD","-120","三井住友カード (VpassID)","食費","食料品","","0","F6NircwjQcquT0MxKS85cTHYIzVh3YouMw7xx6HBJLs"
"1","2026/01/18","LABI池袋本店","-20279","三井住友カード (VpassID)","特別な支出","家具・家電","","0","PulHiqSS73vSx9l7anzjkydY5PW2lHC1B5O-GV93zJI"
"1","2026/01/17","條","-3500","PayPay","未分類","未分類","","0","iN1JgndzVG7rPszBdLpCZjBDfEIkYgLGyxJL-3DkDX8"
"1","2026/01/17","せと","-6000","PayPay","未分類","未分類","","0","Z-Q813irp4wI0Y_CS5ChpV_wyv3Glw-p4v65nLlEYMI"
"1","2026/01/17","dAnime Store for Prime Video 販売: AV Channels JP","-550","Amazon.co.jp","未分類","未分類","","0","WtmCG-AaYpa5VjxyH0ede8P7lOGADULvLl1D0LIqkJI"
"1","2026/01/17","HUB新宿靖国通り店/iD","-1000","三井住友カード (VpassID)","交際費","飲み会","","0","3Zz9kYY_VuLdtr0zEp4erlhL2cBQYeg_X1NSLezLMSo"
"1","2026/01/17","パラカ","-300","三井住友カード (VpassID)","未分類","未分類","","0","oysAodLzhkn6409i91-QshQVKvYCgpLmjIpwpBppQ8o"
"0","2026/01/17","AMAZON.CO.JP","-550","三井住友カード (VpassID)","教養・教育","書籍","","1","xyUczdv21QrKQAn6-00OKJoxW2Kr1BeKvZMe5DZ518E"
"1","2026/01/16","ETC 関東支社 (自狩場 至横須賀 軽・二)","-630","三井住友カード (VpassID)","自動車","道路料金","","0","easzB0x_qkivciiD0-8z7USyccu4kN-NX8GnP-kbV-Q"
"1","2026/01/16","ETC 関東支社 (自新保土ヶ谷 至新保土ヶ谷 軽・二)","-260","三井住友カード (VpassID)","自動車","道路料金","","0","k8jLMzeFs7rMmf7ykM0oD0-gpUzAs7pPMRRAa55bEhg"
"1","2026/01/16","ETC首都高 (自京橋 至第三京浜接 軽・二)","-1040","三井住友カード (VpassID)","自動車","道路料金","","0","Wg8v1yn4DSFWxE9SEJ-hTkBFaagAmRb1xWQ5uvCg_TY"
"1","2026/01/16","ENEOS-SS/iD","-1571","三井住友カード (VpassID)","自動車","ガソリン","","0","7RqqJgAj6snFGpqW7QwKqP5D0yC8P3Ak6casiF-16AI"
"1","2026/01/16","ローソン/iD","-143","三井住友カード (VpassID)","食費","食料品","","0","AS3o4ts5LlDEAK7xXhSWAK1N28V2YOA0gqI3K7gchwU"
"1","2026/01/16","APPLE COM BILL","-3000","三井住友カード (VpassID)","通信費","その他通信費","","0","Tm_-7Ak0TkCbuJVblumiKCVXVTN_0Ax5vymNb891wR8"
"1","2026/01/15","カケキン ゼンコクキヨウサイ","-1000","横浜銀行","保険","その他保険","","0","vtGt58dfG1XdOgLLObsCo6Q1oPet16btlovvkI5tTvM"
"1","2026/01/15","ETC首都高 (自用賀 至錦糸町下 軽・二)","-770","三井住友カード (VpassID)","自動車","道路料金","","0","NzC97XUFqO47kkHkvBr-yQrh6vK9sRk4qaj9eASj-1E"
"1","2026/01/15","ETC 関東支社 (自横須賀 至狩場 軽・二)","-630","三井住友カード (VpassID)","自動車","道路料金","","0","8JXHl7S0bPAqEELEyc4t5a_vJwlxJW23Sao-F73C1vA"
"1","2026/01/15","ETC 関東支社 (自新保土ヶ谷 至新保土ヶ谷 軽・二)","-260","三井住友カード (VpassID)","自動車","道路料金","","0","quNQY8jGPcZnCPgndg8584rcal8KeDKHyk9KX1N8Ufk"
"1","2026/01/15","ETC 関東支社 (自保土ヶ谷 至玉川 軽・二)","-310","三井住友カード (VpassID)","自動車","道路料金","","0","S5r3_VirZfqPnF2eV0DUQXHpdy-52fqmmDOCYEFsoVo"
"1","2026/01/15","いち髪 【Amazon.co.jp限定】 なめらかスムースケア シャンプー 詰め替え 大容量 2000ml | ヘアケア ダメージケア メンズ レディース 販売: Amazon.co.jp","-2141","Amazon.co.jp","日用品","日用品","","0","gfDKXng_Lm1OrgK9J0OF7TTHDgZzrvCGSaI0CNlvbgQ"
"1","2026/01/15","いち髪 【Amazon.co.jp限定】 なめらかスムースケア コンディショナー 詰め替え 大容量 2000g | ヘアケア ダメージケア メンズ レディース 販売: Amazon.co.jp","-2148","Amazon.co.jp","日用品","日用品","","0","xYYpfPBkaCSpQiNrM_oQMVmc0ME0ebCYf0Ld_0_TfTE"
"1","2026/01/15","ソフトバンクM(12月分)","-3209","三井住友カード (VpassID)","通信費","携帯電話","","0","JYUNdOOMbniTkyg3e_dHCIjkrWsU3nSRUiXZh6OGcaM"
"1","2026/01/15","ソフトバンクM(12月分)","-825","三井住友カード (VpassID)","通信費","携帯電話","","0","TEm1EhVFC0jqo4TP3snGcL14BJNQyqvDMZaP9tgYukI"
"1","2026/01/14","そうてつローゼン葉山店 - そうてつローゼン葉山店","-1734","PayPay","未分類","未分類","","0","J7vy7LmsgAg4WBAgVf7g2EUWS_834zZid7-IsKhQyyU"
"1","2026/01/14","そうてつローゼン葉山店","8","PayPay","未分類","未分類","","0","lhEPYFqcWPmYSPOzY7_lyR-7n5C5Q5hOYKNKLIVRUjc"
"0","2026/01/14","AMAZON.CO.JP","-4289","三井住友カード (VpassID)","教養・教育","書籍","","1","wtGfR3JvKF_VRYO84-9w79nfYSmYD-bgq1-D1p67uEQ"
"1","2026/01/13","かどや 匠の味 ねりごま 黒 300g 販売: Amazon.co.jp","-1355","Amazon.co.jp","その他","立替","","0","7nwQuYT5e5Fep7FdawO-_veVx1MeBT1BY88VGnzYPBw"
"1","2026/01/13","マイクロソフト","-2130","三井住友カード (VpassID)","通信費","情報サービス","","0","ih4nYnuc4eg0awHAy-13dX9JZ7fkhUwzCk6RvuefbuU"
"0","2026/01/13","ヘンサイキン 1ガツ","5920","仙台銀行","未分類","未分類","","1","IqJOaugk4BY694Gcy4vIwgqQL0KeWbOCj5DAGhriBkY"
"1","2026/01/13","カシコシリソク 1ガツ","-78","仙台銀行","その他","雑費","","0","K93IheWfnO8z3GlqL5cgkUNqU3pyYWMTu0vTk3DQjYo"
"0","2026/01/13","ヘンサイキン 1ガツ","-5920","仙台銀行","住宅","ローン返済","","1","2XP0V0t_mJfTS6Ytj7KkmWC793imG7Bx4nX8axK79QQ"
"1","2026/01/12","リクーム/iD","-880","三井住友カード (VpassID)","交際費","プレゼント代","","0","_w17jhedRy1jSmn9DKynEEyWnrpvpyabkMqhwtvy8vA"
"1","2026/01/12","NewDays/iD","-113","三井住友カード (VpassID)","食費","食費","","0","93zb_CbY7Qq-N6zUXseofDJtRPfNgVAAoJlu3IbP7xE"
"1","2026/01/12","ファミリーマート/iD","-396","三井住友カード (VpassID)","食費","食料品","","0","z0o3cFScVL4kUN1qW5FBS6jYvzA1x7zRQlHYRSfX3QA"
"0","2026/01/12","AMAZON.CO.JP","-1355","三井住友カード (VpassID)","教養・教育","書籍","","1","-6wau4sV_tnCGOZ8XUbIfeLnpnGNXN2SnModr5ALudA"
"1","2026/01/11","割引","99","Amazon.co.jp","収入","その他入金","","0","usX5nqSy2y4MXVdpUF11sWnrQHhA0aiYv5zWDMgIlss"
"1","2026/01/11","GUM(ガム) デンタルフロス&ピック Y字型 糸付きようじ 歯間ケア 30本入×3個パック+おまけ付き 販売: Amazon.co.jp","-990","Amazon.co.jp","日用品","日用品","","0","EGZIRz2yhOyO5jFZiIJocYuwCBTJCGT5pBJAST7hnZc"
"1","2026/01/11","レストランG","-18960","三井住友カード (VpassID)","交際費","宿泊費","","0","gLkeU6kFfJcnt8WYrOrVwuT7qCxFjXfrzA29JEE4p0U"
"1","2026/01/11","アクサダイレクト 自動車保険 月次","-2520","ポケットカード","保険","その他保険","","0","RJAdz1KfFKjqS8rX4i5UctTd8tV64UyBvtsdOdriaQI"
"1","2026/01/10","ゆい","600","PayPay","未分類","未分類","","0","kiH-mvA8E-g33CVGDo197KMBqxpurk3icw2pQLrl2NE"
"1","2026/01/10","povoご利用料金","-1804","三井住友カード (VpassID)","通信費","携帯電話","","0","SP8ev7-H_ZX_Pi5wxsOJsM4xGQYKE7A2yw5hG82y9w0"
"1","2026/01/10","モバイルPASMOチャージ","-5000","三井住友カード (VpassID)","現金・カード","電子マネー","","0","Q9wUOFD07a_mkHwKg496R-UBItSTGLeU6FCwGphFtmw"
"0","2026/01/10","AMAZON.CO.JP","-891","三井住友カード (VpassID)","教養・教育","書籍","","1","ZEv1fGRdOxl7wExAE1zldQbpPsw-YWv0fbTxSAvIG90"
"1","2026/01/09","そうてつローゼン葉山店","7","PayPay","未分類","未分類","","0","WUtY2HMpsStkupRmTDAFpkLo5s44B4fOyg2AKJqHvvg"
"1","2026/01/09","そうてつローゼン葉山店 - そうてつローゼン葉山店","-1496","PayPay","未分類","未分類","","0","Y-VqB_48QyeM6bdb1T6s8uo5F5A3EQdJ1Id2Mvf9cFo"
"1","2026/01/07","はなえ","4815","PayPay","未分類","未分類","","0","audEnHxkeNEApMMDU-GQWPg4lUzllWHBOZVR02JYQdw"
"1","2026/01/07","はなえ","-4560","PayPay","未分類","未分類","","0","oLL0WCyHxeyoqq65ePIXSK7q5Goj_C44wnQrgMjv-pw"
"1","2026/01/07","ホテルアジアンリゾート","-8500","三井住友カード (VpassID)","趣味・娯楽","旅行","","0","rgNssspB2zSWb4YmOqWf6lxrJraelw-Hy9cB0a55Jqs"
"1","2026/01/07","Bee仙台/NFC","-9630","三井住友カード (VpassID)","交際費","交際費","","0","EyMVEKQSvecpyAK7YjJSIVclkDPntb9ipVPNbh8M2w4"
"1","2026/01/06","コウザフリカエ SMBC(ACサ-ビス","-19000","横浜銀行","その他","返済","","0","sbEw9_VU0bfzCG3KwEPHKJBaPpdT8tWt84_3lCJHKVs"
"1","2026/01/06","はなえ","-1500","PayPay","未分類","未分類","","0","7FN-o5uk1FnugKMrVDndCVwFmJ5dXKBD0HEEaLJrcP4"
"1","2026/01/06","エスエスエムエー","-6534","三井住友カード (VpassID)","交際費","交際費","","0","7me-YUidX3-JFjC9abrY0qTGXAodqGYJtfNfgDjgxwg"
"1","2026/01/06","ファミリーマート","-300","三井住友カード (VpassID)","趣味・娯楽","映画・音楽・ゲーム","","0","z-y_e6SXb0SE6tXhEXke9PO5Fkldxskhj9n9Fk9wtig"
"1","2026/01/06","JR東日本みどりの窓口(びゅうプラザ)","-12090","三井住友カード (VpassID)","交通費","電車","","0","eqWFroJiCNq1bdYPGOC_qijq7UCxRAsvJ-zjx9WaekY"
"0","2026/01/05","コウザフリカエ ポケツトカ-ド","-18473","横浜銀行","現金・カード","カード引き落とし","","1","sOX0_gDUtMAV6oIyin1vs58PCFBWj_KqWYlYLNPY1wc"
"1","2026/01/05","ないき","1000","PayPay","未分類","未分類","","0","7dORhwYyRRSEkSdkUMd-RN8ahLpcphHm2vjfP-U8L0Q"
"1","2026/01/05","POJ*EQUIN SPA","-13520","三井住友カード (VpassID)","交際費","宿泊費","","0","0owB0yjGNm-Zrh0yqljyz3VPqkHDeV6F1y7zG8E_BIk"
"1","2026/01/05","APPLE COM BILL","-450","三井住友カード (VpassID)","通信費","その他通信費","","0","4LWOlfLet8RlKQwPESh2DwLvA-FR8jNDAVjsk7dkxiw"
"1","2026/01/04","guleum","-7200","三井住友カード (VpassID)","交際費","交際費","","0","imj840h_5nNI6BF9WcvDZlh4FWtrXgkUpWswPoEipRs"
"1","2026/01/04","NETFLIX.COM","-890","三井住友カード (VpassID)","趣味・娯楽","映画・音楽・ゲーム","","0","WyodzYP15EKTVf_hhrBseqFxL3rxIM1-tGV68exVBBk"
"1","2026/01/04","セブン-イレブン/iD","-220","三井住友カード (VpassID)","食費","食料品","","0","EBwGzwmrm6tOFGz0XZOQFCfUPo1I5Si2rhjdUrdz8HE"
"1","2026/01/04","株式会社Luup","-410","ポケットカード","交通費","その他交通費","","0","2gB-z2o_ulQEywWFwAx0yqSthCV4T4jFL4Zg3DoRahA"
"1","2026/01/03","高速バスドットコム","-4200","PayPay","未分類","未分類","","0","_JNhCajJTFIaYY6xMjMfwqH9Btdz_DH43E03kFxsvNM"
"1","2026/01/03","高速バスドットコム","21","PayPay","未分類","未分類","","0","nedn-Pok7FV00GOObARNVPqEyjx20c7n5ZIYEB5aPqQ"
"1","2026/01/03","ゆい","4000","PayPay","未分類","未分類","","0","KxlNM9DmwG4aQ89MGNOdBWSQ1jiAJPsfRlFZRscd5OI"
"1","2026/01/03","APPLE COM BILL","-3590","三井住友カード (VpassID)","通信費","その他通信費","","0","CdeP4Owah1bCV8jjDMQ-2Hw1IArqzL33x00t6IQDjZM"
"1","2026/01/03","6759マツモトキヨシ仙台中央通り/iD","-1995","三井住友カード (VpassID)","日用品","ドラッグストア","","0","X7GF902FyPRd7h4xMh5wPWuYSqvBUbOi_W_byC3hh0E"
"1","2026/01/03","セブン-イレブン/iD","-759","三井住友カード (VpassID)","食費","食料品","","0","NRJlu9RHzoqlWCbT1WVNBZZdpunYJ31hfTFijoTMiiw"
"1","2026/01/03","セブン-イレブン/iD","-410","三井住友カード (VpassID)","食費","食料品","","0","K4c0eHBS_U-x5f_8vHypX3qA2LxgPrVuKkwYLGdv6WM"
"1","2026/01/03","西友","-53","みずほJCBデビット","食費","食料品","","0","cYOYD1c0Co_JtdfYECNBSwF2nyto8Cy70QbvaLZe7lg"
"1","2026/01/03","ローソン　センダイミヤギノ３チヨウメ","-175","みずほJCBデビット","食費","食費","","0","sZC1IXI6dKMC7567ldmzwJa41XC4A_LSDdOKDIHOOk8"
"0","2026/01/03","JCBデビット","-175","みずほ銀行","現金・カード","カード引き落とし","","1","Z-WYMFsnWvVd1AcxZvSRystq0XV6cnrxNtpHJnCeD2Y"
"0","2026/01/03","JCBデビット","-53","みずほ銀行","現金・カード","カード引き落とし","","1","41vLqekLncRI7I1USdZKgk9-O2NvQcY6AQcNvJnaJzM"
"1","2026/01/02","Yuta","100","PayPay","未分類","未分類","","0","xOY8b6tnbWpf4d4OgL0B2R5GGdaPPbn6zsTUEs_5q04"
"1","2026/01/02","chiasa","7000","PayPay","未分類","未分類","","0","Jhu9UhJ4jPNSwZy_E1LMFk_Esq4rS01OfhvBLDZGYEY"
"1","2026/01/02","Ｈａｉｒ　ｂｙ　ＰＲＯＶＥ／Ａｉｒ","-3850","みずほJCBデビット","衣服・美容","美容院・理髪","","0","UImFb0HzurbRjkUfoBG8ZlcvLi-XSB8A8fkpoP_K3ug"
"1","2026/01/02","狐崎漁港　晴れの日／Ａｉｒ","-13300","みずほJCBデビット","交際費","交際費","","0","mJAXG1ItWuhqNLwYQWebuFsl5md39vjPTh6mDoYfCRQ"
"1","2026/01/02","ドン・キホーテ仙台駅西口本店","-2947","みずほJCBデビット","日用品","日用品","","0","lp1Cg36a4qE-P41yspL7NUFu8Bv-BBxDmpYlRVJbqgw"
"0","2026/01/02","JCBデビット","-2947","みずほ銀行","現金・カード","カード引き落とし","","1","JjywuUFgeqCXDGZcLHqR4A2jU0Qdy2mbrXuuqBdHS-k"
"0","2026/01/02","JCBデビット","-13300","みずほ銀行","現金・カード","カード引き落とし","","1","XvZfX2Bjlz3eE31KUXDsR9fmyzd5GhHokT5MVPKkGec"
"0","2026/01/02","JCBデビット","-3850","みずほ銀行","現金・カード","カード引き落とし","","1","cwP1BEz6tNOcd2HVb18MuHa9CY4lQOGfSStgYn4WPNQ"
"1","2026/01/01","'-","-40","PayPay","未分類","未分類","","0","G_33E8T3x-vMjE6f-y3cgBm5w483DaGJatANX01rFvE"
"1","2026/01/01","群れから逸れて生きるための自学自習法 販売: Amazon.co.jp","-1980","Amazon.co.jp","教養・教育","書籍","","0","AybC0T9Vc4SeYmF1u18Le68-wE1X0Y42dHxIaCon8DE"
"1","2026/01/01","ネックピロー コンパクト【整体師×睡眠改善インストラクター監修】ポンプ式 軽量 エアー 飛行機 車 新幹線 首枕【MONOQLO ベストバイ受賞店】 neck pillow トラベルピロー 長距離 旅行 低反発 携帯枕 クッション 便利グッズ 快適グッズ (ブラック) 販売: koruha co.【適格請求書発行事業者】【サポート充実・安心の日本企業】","-1880","Amazon.co.jp","健康・医療","その他健康・医療","","0","L2DhNzJR4CRjH8s50sz3XC5tYOz2pG7rtWKHfK1o2fo"
"1","2026/01/01","ボクンチ","-440","ポケットカード","趣味・娯楽","映画・音楽・ゲーム","","0","_up2nS2bTrnrkTAftGNJeJQ5Cwjzf0tUFFsAmKv5BLc"
"1","2026/01/01","会津若松駅構内店舗/iD","-2812","三井住友カード (VpassID)","交通費","バス","","0","V_NeAN060RX-qdTzKNMLkI4EBf8eat4sIdPEu-mon2s"
"0","2026/01/01","AMAZON.CO.JP","-1980","三井住友カード (VpassID)","教養・教育","書籍","","1","yU5iSBt4vqc4GTAU3MD8mSUtVAzADwV2HhcxLFwoXAU"
"1","2026/02/28","ETC 関東支社 (自新保土ヶ谷 至新保土ヶ谷 軽・二)","-260","三井住友カード (VpassID)","自動車","道路料金","","0","ZMbumueCNG5-Dj92pxak3ZUeAPcmXgc-dBRTRCv1SlU"
"1","2026/02/28","ETC 関東支社 (自横須賀 至狩場 軽・二)","-630","三井住友カード (VpassID)","自動車","道路料金","","0","hbiJP4QnsJJ2uOa7ZioAUJSMTnDG8TAFFRQD2hNBosg"
"1","2026/02/28","ETC 関東支社 (自保土ヶ谷 至玉川 軽・二)","-310","三井住友カード (VpassID)","自動車","道路料金","","0","u9655gCHH9dOUkVOhqgLzGK7iFfjv4O8RAYAqxftjYA"
"1","2026/02/28","タイムズカー 202602ゲツガクキホンリヨウ","-880","三井住友カード (VpassID)","自動車","駐車場","","0","curPvu8O26tsoyUCUnvwjPloAp8ysN8-PYFGbAvFkcs"
"1","2026/02/28","いつでもニリーン","-2200","ポケットカード","未分類","未分類","","0","Bwe_BCaLyzgcKG0H2sUVQE6_x4uGfLwdakcQOQ-92KI"
"1","2026/02/28","株式会社Luup","-170","ポケットカード","交通費","その他交通費","","0","vTaNgPgisxcCdtSHB5lRdB83XWVp8fqL-MY_AWa0-xE"
"1","2026/02/28","APPLE COM BILL","-1080","三井住友カード (VpassID)","特別な支出","仕事用","","0","5yyUZX25AStHrY21JJQQNEktcAH4JVbHscLSLXpEyIY"
"1","2026/02/28","新宿髙島屋/iD","-1598","三井住友カード (VpassID)","衣服・美容","衣服","","0","lAzlBZaNpILfK6g3c3nFTZw0r75N8gtuWJEalSepw9c"
"1","2026/02/27","コウザフリカエ ニホンガクセイシエンキ","-9899","横浜銀行","その他","返済","","0","bVpN37KjgTy-vpeUZ2si6r4hWmXYw8OjRm7-UE15dMo"
"1","2026/02/27","ゴヘンサイ","-12916","横浜銀行","その他","返済","","0","gsRqrLqZz5iQkIOl_jpBsWJ9gw9FSsYfpaTEVmSTDms"
"0","2026/02/26","クレジツト ミツイスミトモカ-ド (カ","-220280","横浜銀行","現金・カード","カード引き落とし","","1","l7ZUZD6V0nfVGlGj2n4ssTLWojaUSAElpgfaCWlhI0k"
"1","2026/02/26","【希釈用/1本あたり15杯分】ネスカフェ エスプレッソベース 無糖 500ml×3本,アイスコーヒー,濃縮 販売: Amazon.co.jp","-1023","Amazon.co.jp","食費","カフェ","","0","BibNKjXEBS-m76bDFc7fZKALmrjF6etsqvogyt8zvVE"
"1","2026/02/26","日本郵便/NFC","-760","三井住友カード (VpassID)","その他","立替","","0","DoN8OzQVtz3qBHmeEqBNHzfSO9Ixvv1-YN5_hHg_2GQ"
"0","2026/02/26","AMAZON.CO.JP","-1023","三井住友カード (VpassID)","教養・教育","書籍","","1","WQ0jRpQS_StT3UK0ieBhYmc_ZFsPJaMvOBwgl88iXmA"
"1","2026/02/25","メルペイ(メルカリ","7082","横浜銀行","未分類","未分類","","0","_zdH8oUuEisConCWTb4cDhfahu-l5Y5Cd8qiZGbeZ1o"
"1","2026/02/25","エイプリル(April) PaperOne コピー用紙 B4 500枚 高白色コピー用紙 紙厚0.09mm大量印刷向き カーボンニュートラル認証 PEFC認証 販売: Amazon.co.jp","-851","Amazon.co.jp","未分類","未分類","","0","U6Fzeu-q_nbBeS5U6DuY0LbqHosCTD0Ze8zv2VmXcbA"
"0","2026/02/25","AMAZON.CO.JP","-851","三井住友カード (VpassID)","教養・教育","書籍","","1","7WD9TNoU54Snx0cn5AHaxEQyLcIfjUba-Hsd66leEK8"
"1","2026/02/24","ENEOS-SS","-1536","三井住友カード (VpassID)","自動車","ガソリン","","0","aMiMPqM5I01wvLOhr7v91KHW4zByciswwNfbHUhjugU"
"1","2026/02/24","ラクスル株式会社(BtoB)","-1871","三井住友カード (VpassID)","未分類","未分類","","0","oQuScSnVt-VcvqRdtJGY7SKFKPmZkt1uVklP23XXkfc"
"1","2026/02/24","ラクスル株式会社(BtoB)","-2926","三井住友カード (VpassID)","未分類","未分類","","0","fn2hHwRMedrReO0DmkCIJmLT0xkQddkrA2KdkEqRQHA"
"1","2026/02/24","APPLE COM BILL","-590","三井住友カード (VpassID)","特別な支出","仕事用","","0","z3KzdiQ5u8FBxw_TvsoUUmlbhTo7W4nI1IrAQjG8tLE"
"1","2026/02/24","相鉄ローゼン葉山店/iD","-1380","三井住友カード (VpassID)","食費","夜ご飯","","0","_9CW8eD9riR3OJZcXSeeIp9I1uqlFbWOxUXgp6pVzqI"
"1","2026/02/24","利息","12","みずほ銀行","収入","その他入金","","0","MUg3rFNPuTNRc9gkylpfnsYOwwXoH8HQyXlgj9U-y-Q"
"1","2026/02/23","サウンドスタジオノア","-1540","三井住友カード (VpassID)","未分類","未分類","","0","mR4_clW_iUTmqiTgWkUHuqZl4EviCdc7598WJ717kHg"
"1","2026/02/23","Amazonプライム会費","-5900","三井住友カード (VpassID)","教養・教育","書籍","","0","_8eEF86lWGmleSwRZahY-FWRWsH5qo3nUT7wAYVVyHY"
"1","2026/02/23","株式会社Luup","-290","ポケットカード","交通費","その他交通費","","0","iltLslTFOPGjdKLHnCWsIAIbm7TGornmHmP9xnh1BI8"
"1","2026/02/23","快活ＣＬＵＢ　自由が丘駅北口","-340","みずほJCBデビット","衣服・美容","その他衣服・美容","","0","Lbqak6dgmKMBDJE7DBKhe_grCJY3HOtMdKXIR-zW2aQ"
"1","2026/02/23","セブン－イレブン京急ＳＴみなとみらい横浜","-257","みずほJCBデビット","食費","食料品","","0","OHnDrYR0pnyQjGWviO53lCXVxTfekq6-7DrxJnhwlls"
"1","2026/02/23","リクーム自販機","-880","みずほJCBデビット","交際費","プレゼント代","","0","_C4JheZLZShQm5BsONsQQU3nreWRiEHVnpaxfMzYuIs"
"0","2026/02/23","JCBデビット","-880","みずほ銀行","現金・カード","カード引き落とし","","1","5AdvsxApU4Pd1fr5luxceBK8j6YMFJOn71LUGR-xAgk"
"0","2026/02/23","JCBデビット","-257","みずほ銀行","現金・カード","カード引き落とし","","1","D3kz_jgzvrhVjf4NuxushgHvrTBWtFqUcnsmBVeOHxI"
"0","2026/02/23","JCBデビット","-340","みずほ銀行","現金・カード","カード引き落とし","","1","ya854tmSBuxFeEm_Q6WYXFOFJFq7T2dyBJ9vA6h6Gxg"
"0","2026/02/23","JCBデビット","-428","みずほ銀行","現金・カード","カード引き落とし","","1","x2oQ6960qoAob_S-fAEUG4KzmxB9FnX3djYEUu2FPDY"
"1","2026/02/23","フアミリ－マ－トトリツダイガクエキマエ","-428","みずほJCBデビット","食費","食費","","0","LrrK10SdoYD46lRiv5_9IoRmmJXQORfcko68A5fO8Ow"
"1","2026/02/22","モバイルPASMOチャージ","-5000","三井住友カード (VpassID)","現金・カード","電子マネー","","0","l6VFYp2xTrpFtT95ZdAHUGGG7BLrB18MHdsqov5ddi0"
"0","2026/02/21","コウザフリカエ ペイペイ チヤ-ジ","1000","PayPay","未分類","未分類","","1","RSdKd0RJeZc4YDboppqkGOdmnTMyRYsjc6pjKXtRZyw"
"0","2026/02/21","コウザフリカエ ペイペイ チヤ-ジ","-1000","横浜銀行","現金・カード","電子マネー","","1","dwrh7A2Vp6pABVm-vu_3VuxXsZMHrEMjhA4YW-vwAqs"
"1","2026/02/21","オリソク","112","横浜銀行","収入","その他入金","","0","d3tA8hi4XkVkc-bxsm9Jbmxgwi0kX9Sw3udk6NZzAhI"
"1","2026/02/21","PayPay","1000","PayPay","未分類","未分類","","0","ugLIujOUMydpR8BazXpSDWeCOdYD91il4QwWdlSpuVw"
"1","2026/02/21","條","-2800","PayPay","交際費","交際費","","0","CiTJ4QlgMuhwKSN74AFLMWfbEElr6VLhDJ6WwmZvJf4"
"1","2026/02/21","プロント/iD","-770","三井住友カード (VpassID)","食費","カフェ","","0","9Uy_jnLF5eK651myR3dlaNc-a52T54cwpISA3IrNpAg"
"0","2026/02/21","JCBデビット","-730","みずほ銀行","現金・カード","カード引き落とし","","1","XyqplnqQrXMjaMeV82QY5YbLc1hcDbYQJd2lMe2ag3I"
"1","2026/02/21","松屋","-730","みずほJCBデビット","食費","食費","","0","wTqXLiz5ZvStxjzW59ILv2i_NEYjoptnO2912klb7gU"
"1","2026/02/20","テスウリヨウ","-154","横浜銀行","その他","雑費","","0","hmDE4YFY7rKBz1etWXmoOS4CBd3V2Eeuh2EByM4y4gc"
"0","2026/02/20","インタ-ネツト クドウ リク","-3000","横浜銀行","その他","返済","","1","Pod0rVafiJ3Cgsc7cTdjqREDuhjRGZO_RV06RXioMI8"
"1","2026/02/20","ニツテツソリユ-シヨンズヒガシニホン(カ","61109","横浜銀行","収入","給与","","0","ZGx1BL1GRw0lKN5EjbHWpzMeEO5-frxsvREPSuvU6Sw"
"1","2026/02/20","アクセア新宿ビルディング店","-10780","三井住友カード (VpassID)","未分類","未分類","","0","KdnooIHXTvR5GWq9KU5Whw68dQvmNUGsQQ426vOJscE"
"0","2026/02/20","JCBデビット","-110","みずほ銀行","現金・カード","カード引き落とし","","1","sfRT3ym8LtmGE_rCYl1sodwwzf9neNcTSgibTMjXZQE"
"1","2026/02/20","ワッツ　三平ストア新宿店","-110","みずほJCBデビット","その他","立替","","0","0YVbsCFPcFk88-2gcuRuCXKyWDFKH7U_wZNpyN8jYxs"
"1","2026/02/19","振込 ミズホJCBキヤツシユバツク","59","みずほ銀行","収入","その他入金","","0","h5xvXMkYl6g7KJ1Q6_b0YEyk0M2-QkfjGTMQrQAiiBc"
"1","2026/02/18","povoご利用料金","-2780","三井住友カード (VpassID)","通信費","携帯電話","","0","x1pF3wA6tynbZYgx-ec0MQeFWrrzI_zP6fnT54pFTi8"
"1","2026/02/17","マクドナルドモバイルオーダー","-200","PayPay","食費","食費","","0","9dy9GdL2Unlcfo0sgp_TnNCv92UxrIANWFyZVETb42U"
"1","2026/02/17","マクドナルドモバイルオーダー","1","PayPay","未分類","未分類","","0","LLmF8FaaxOiUIbfaY_EmH6OnfzNEIY-mOmXfSVndFFA"
"1","2026/02/17","GSfood さくらソース 500g 販売: ABC満天堂","-1299","Amazon.co.jp","衣服・美容","衣服","","0","0O7oonxYBXj7GdnYFWBU_rvoheXoueNAnF--9EJ189o"
"1","2026/02/17","dAnime Store for Prime Video 販売: AV Channels JP","-660","Amazon.co.jp","未分類","未分類","","0","5r-1QY1ObPJeC2jP9yoXwwrbtk_b8dPzC73PYXinIug"
"1","2026/02/17","無印良品","-690","三井住友カード (VpassID)","日用品","日用品","","0","oUiWTX5zjJA9dVYiWlKC68BHDbhyrvix1F99PdCI5fQ"
"1","2026/02/17","かわしま/iD","-220","三井住友カード (VpassID)","交際費","プレゼント代","","0","pbSQJPXDw8gUu2ELgSPjHJqCR9AncJi4Gb3EIqCfpig"
"0","2026/02/17","AMAZON.CO.JP","-660","三井住友カード (VpassID)","日用品","日用品","","1","AMlO4lkpsQv9-UQ1H6illN9EP-uMgTZx1YhMj-ELvMg"
"0","2026/02/17","AMAZON.CO.JP","-1299","三井住友カード (VpassID)","その他","立替","","1","YAcrhU1uDROS4X_mOqcRZUr9FaXdCV7Ss5VCdAZjEjo"
"1","2026/02/17","ＶＢＥＴＴＥＲＣＶ","-7100","みずほJCBデビット","現金・カード","カード引き落とし","","0","LK0GB7qW1zWLx8AifyIARZPIyQkeyMBmiIJjoz1XExc"
"0","2026/02/17","JCBデビット","-7100","みずほ銀行","現金・カード","カード引き落とし","","1","MhVafeaG-E78k19na_gJe7G9zlLEpSolAdeCLD5tCNk"
"1","2026/02/16","カケキン ゼンコクキヨウサイ","-1000","横浜銀行","保険","その他保険","","0","FRpZCPmcewrPPeD7K9071Fl-IS_30QQHxUIjrwQuwsQ"
"1","2026/02/16","フアミリ－マ－トガクゲイダイガクエ","-450","みずほJCBデビット","食費","食費","","0","lWjNoRA7e6cnXrgpxE6KzW9dlHvnAhaRDbtP_URm3LM"
"1","2026/02/16","フアミリ－マ－トメグロチユウオウチヨウ","-118","みずほJCBデビット","食費","食費","","0","Qa7ZQIDuKJ9VlD7pjSdKnmIy5V7LUpx6KOWrdR_PdBo"
"0","2026/02/16","JCBデビット","-118","みずほ銀行","現金・カード","カード引き落とし","","1","_qo4eP_lUnxtsrSI_rh3VH9RCSyZ_Jrw531E8nVz1_Q"
"0","2026/02/16","JCBデビット","-450","みずほ銀行","現金・カード","カード引き落とし","","1","orK9n5rAyfJTWXQ2_5HLq_ZwtnrcJm058tGDdue0tVY"
"1","2026/02/15","ソフトバンクM(01月分)","-3209","三井住友カード (VpassID)","通信費","携帯電話","","0","EWIiQOMuKnKBtgj6XdheSU2E1AldkxS99B9K_wNewyg"
"1","2026/02/15","ソフトバンクM(01月分)","-825","三井住友カード (VpassID)","通信費","携帯電話","","0","zek_jGYyT1T3kjM13qRnRJwoTNfokPn2MUFG1jpKkEE"
"1","2026/02/15","モバイルPASMOチャージ","-5000","三井住友カード (VpassID)","現金・カード","電子マネー","","0","9CGRbTG-tm5_jU3jUxJ4Rm6tTPChIA-ht4v1_cI0EB4"
"0","2026/02/15","JCBデビット","-366","みずほ銀行","現金・カード","カード引き落とし","","1","YCaSb9T13Bxmru1LGmayR77w3U-quJpU4rWbFoG38Zs"
"1","2026/02/15","フアミリ－マ－トガクゲイダイガクエ","-366","みずほJCBデビット","食費","食費","","0","WlHGJoz8_xyJ97BUXnqi31pDRoJM31EpmNupMp2kJsI"
"1","2026/02/14","カ)ビ-ト アイス","150825","横浜銀行","未分類","未分類","","0","pzVBgB15eAly8ZkaGqtPAS86_0Os2VEhbnwcri7kVJc"
"1","2026/02/14","スギ薬局 新宿三丁目店/iD","-1408","三井住友カード (VpassID)","健康・医療","薬","","0","uiXMhpndw5-8xqnkBJtbjSp0XqSeQiMgQAgvzx-B1zI"
"1","2026/02/14","スギ薬局 新宿三丁目店/iD","-4230","三井住友カード (VpassID)","その他","立替","","0","c_ej_vCEviFBl-bdtjDNPUoccl5LeNAcxM37JmKmudc"
"1","2026/02/14","ケツサンリソク","6","仙台銀行","収入","その他入金","","0","-VcVtTalOEodvV6zKzzjaOh5ibDULAAhe9hc9D2kHKs"
"1","2026/02/13","MICROSOFT*MICROSOFT","-2130","三井住友カード (VpassID)","通信費","情報サービス","","0","gXItQSSKAvctulaPxFNxFRABdpKQNBDqweNc0pm8EY4"
"1","2026/02/12","荒畑園 お茶屋が作った静岡のほうじ粉末(100g)日本茶 国産 焙じ茶 低カフェイン 製菓用 調理用 販売: お茶の荒畑園","-750","Amazon.co.jp","食費","カフェ","","0","GmLmGXbKYgJOB9_NZr6duyE1knnuoymZA-pFlKWHO4s"
"1","2026/02/12","LUYING ゴッソ 鼻毛ワックススティック 使い捨て脱毛ロッド ノーズクリーン 鼻毛除去ツール 男女兼用 鼻洗浄 自宅 セルフ (ホワイト 50本) 販売: KHHALJP","-558","Amazon.co.jp","自動車","ガソリン","","0","4_tIETD55ptaWJs3FuUnC1b9yN5yheMVMlfQFyZrq3Y"
"1","2026/02/12","全家協 水切り ネット ストッキング 細型 排水口用 ゴミ袋 30枚入り 4個セット ZB-4926 販売: Amazon.co.jp","-761","Amazon.co.jp","未分類","未分類","","0","DhHbi_dfyAwiQ1Dba9Ari7xZOHjEt7OZCXGfRvffq-U"
"1","2026/02/12","みたけ食品 旨みねりごま 黒 1kg 販売: Amazon.co.jp","-1764","Amazon.co.jp","食費","食料品","","0","jovZylgNdq4Pwar_z2Ri5RhYBqUrUvxQ-1YhAJKwOjA"
"1","2026/02/12","日本郵便/iD","-1080","三井住友カード (VpassID)","その他","立替","","0","DuvFa6Nzwo3xU_EJc-ZeKSSK-uVDDzNzHHxixgfjM1Y"
"1","2026/02/12","メルカリ (返品)","25000","三井住友カード (VpassID)","収入","一時所得","","0","ffaYXBSrD4uQ9qT1QmNex4KYUYzellnPoebZCB6a1pw"
"1","2026/02/12","相鉄ローゼン葉山店/iD","-214","三井住友カード (VpassID)","食費","夜ご飯","","0","czRzcUnjphvDppsZRxqtfhTDFErdvjLy_KFB-rQ14mY"
"1","2026/02/12","AMAZON.CO.JP","-558","三井住友カード (VpassID)","日用品","日用品","","0","TXcA_aGvBmey9uErp6BlM9UBxQs4tmY9O4QRrNJAuK8"
"1","2026/02/12","AMAZON.CO.JP","-750","三井住友カード (VpassID)","その他","立替","","0","i3dRGnKtQ6i3rPuUA8_yBoPr65VZRaMjebP6qYqma_M"
"0","2026/02/12","AMAZON.CO.JP","-2525","三井住友カード (VpassID)","その他","立替","","1","jMgdM8fylqEMlznHjMoyGEeTtwblMpxjGTQ8UCVlFQg"
"1","2026/02/11","アクサダイレクト 自動車保険 月次","-2520","ポケットカード","保険","その他保険","","0","bZHrRCYhlvrsYsTCfL34sepd8j5dbVnspRlZVfmHviM"
"1","2026/02/10","Tomoya","-3000","PayPay","未分類","未分類","","0","N4NkRz0MZ6qUCxvYRZzoMZVEAgG3bEnFaMKkyeV69mk"
"1","2026/02/10","povoご利用料金","-566","三井住友カード (VpassID)","通信費","携帯電話","","0","2kaeTEDEM55tQnXOLEO7IDsfG_xtqg7lHun9FlzkmJI"
"0","2026/02/10","JCBデビット","-190","みずほ銀行","現金・カード","カード引き落とし","","1","vyncnYlkCzI_-I5f_UMNQj92WLkfc6EUnLGyoj8kxYw"
"0","2026/02/10","JCBデビット","-1030","みずほ銀行","現金・カード","カード引き落とし","","1","kk1RCtH5tw-LBPDOGcy7R1ZomgOU3T5PaYqcNa49wSc"
"0","2026/02/10","JCBデビット","-4870","みずほ銀行","現金・カード","カード引き落とし","","1","7dJK57M0T3QasNZTk6_ZnN7jwiDEvMEDzPPk9vysCvY"
"1","2026/02/10","ＶＢＥＴＴＥＲＣＶ","-190","みずほJCBデビット","現金・カード","カード引き落とし","","0","0lD_6-YC1ZJ8omfG0My8NDAR7xSJHyDbHdNNht2VkJw"
"1","2026/02/10","日本郵便","-4870","みずほJCBデビット","その他","立替","","0","68zBkk4BOk1_guD1rJfWDiijtCzJ-hSjnNTCJd-y0AE"
"1","2026/02/10","日本郵便","-1030","みずほJCBデビット","その他","立替","","0","RSGa7EifzvOryIiXRmOj-WtCqYnY7O69a1AIgYscNWM"
"1","2026/02/09","ETC 関東支社 (自釜利谷 至横須賀 軽・二)","-450","三井住友カード (VpassID)","自動車","道路料金","","0","204oDk_RoJxBMY446QPMqSfrhxQAGF5plUyN7Ue4lPs"
"1","2026/02/09","ETC首都高 (自錦糸町上 至横横金支接 軽・二)","-1580","三井住友カード (VpassID)","自動車","道路料金","","0","rzUXkMcwcQlvUqPh_UwCXJQNI8JrEiVTo9W3hsAu-ag"
"0","2026/02/09","JCBデビット","-654","みずほ銀行","現金・カード","カード引き落とし","","1","MANeUUWRLkh_68VLImYag-qU6c0r8A62u5Qtn43l_hw"
"1","2026/02/09","セブン－イレブン江東亀戸２丁目店","-654","みずほJCBデビット","食費","食料品","","0","HR0gjjP_QsfSXk2Pod60C3S7M6LOqrodjNqeWtUZ4Ic"
"1","2026/02/08","メルカリ","-19800","三井住友カード (VpassID)","特別な支出","仕事用","","0","3Ktfb_lVdz_1MXwKtGo6Sku1mDrpzfCcDXqcvDVKKIg"
"0","2026/02/08","JCBデビット","-557","みずほ銀行","現金・カード","カード引き落とし","","1","Hpp1DXRRUDlNdaZ8YgKfu91fN0BKiM8M0zxyLkF9Aig"
"1","2026/02/08","セブン－イレブン江東亀戸２丁目店","-557","みずほJCBデビット","食費","食料品","","0","9i5-pWpFvo11oyspGG2Dd1L5Afi2mrN6YmKofxIx-Ao"
"1","2026/02/07","ETC首都高 (自平和島上 至外苑下 軽・二)","-630","三井住友カード (VpassID)","自動車","道路料金","","0","HEhZNnrxguH7pcuYoUUD69tL6tUvSv0E5omPHUsxl8c"
"1","2026/02/07","ETC首都高 (自横浜駅西口 至平和島上 軽・二)","-700","三井住友カード (VpassID)","自動車","道路料金","","0","zbdvsI4zHkznsjIOEBjfHatafvWrqvovgQHplL4y1JM"
"1","2026/02/07","ETC首都高 (自錦糸町上 至横浜駅西口 軽・二)","-1160","三井住友カード (VpassID)","自動車","道路料金","","0","DQ73jR6CDZKCGEmjeSXWCwY4RFnkYLaXR2n-dWdjYSE"
"1","2026/02/07","出光興産SS/iD","-1523","三井住友カード (VpassID)","自動車","ガソリン","","0","AcO5enStdGdsbIVnTsYhsxiDxCX6LOdgWMU6ZyQYDRA"
"0","2026/02/07","JCBデビット","-220","みずほ銀行","現金・カード","カード引き落とし","","1","WL8CsmNQ__Ju8kqY-9DIz5aVKN72vB5MEKWcRESg958"
"1","2026/02/07","ダイソー","-220","みずほJCBデビット","日用品","日用品","","0","di9sZMzdT1y20JnSNZwmCvBJwHTFrBBVwdaPD3ZunF0"
"1","2026/02/06","コウザフリカエ SMBC(ACサ-ビス","-19000","横浜銀行","その他","返済","","0","I9erX1OJDazEL2MEW_zUZLPQPiVtJ1JaDthfgTlN-CQ"
"1","2026/02/06","ETC 関東支社 (自逗子 至狩場 軽・二)","-600","三井住友カード (VpassID)","自動車","道路料金","","0","cMTz6Tia2u6JXpK2x0B-OdqMNLQ68CxmWBEqM2Eft9A"
"1","2026/02/06","ETC 関東支社 (自保土ヶ谷 至玉川 軽・二)","-310","三井住友カード (VpassID)","自動車","道路料金","","0","PYvuExZx6-PTwg5SDIrIlgI40nOKAIV8R3RQsrlaczI"
"1","2026/02/06","ETC 関東支社 (自新保土ヶ谷 至新保土ヶ谷 軽・二)","-260","三井住友カード (VpassID)","自動車","道路料金","","0","XNnX6XRIS4XPkgY5pP2M2VDYhayYSbVnLMNDQGTsRPk"
"1","2026/02/06","ETC首都高 (自用賀 至初台南 軽・二)","-410","三井住友カード (VpassID)","自動車","道路料金","","0","5IiLlJu9xZ5dYBH84b6NS8eghzEGN4D-yhiITBPtTq8"
"0","2026/02/06","JCBデビット","-440","みずほ銀行","現金・カード","カード引き落とし","","1","Usocg3cH9RwiLV80SmK-X9TaSSHN6cQNAv3p5zKLOYI"
"0","2026/02/06","JCBデビット","-859","みずほ銀行","現金・カード","カード引き落とし","","1","CDeLmG-TvHSn6qoj-x7qtc9xh5tV2yn80LOYs2SYHWs"
"0","2026/02/06","JCBデビット","-540","みずほ銀行","現金・カード","カード引き落とし","","1","E5z9CycI6ubrX5igud96vtUy7Qu5wBToE1_fI4kbbbU"
"1","2026/02/06","APPLE COM BILL","-3000","三井住友カード (VpassID)","特別な支出","仕事用","PLAUD","0","Q1t3p7WHwJX4dV6ICPzz4eaFnYGAyuBv3BzTLHaDTpg"
"1","2026/02/06","ハヤマステーション","-540","みずほJCBデビット","その他","立替","","0","8YTgFES4fin4FuRqtTXIWF2i-1vBdMm5LqhnF_Dcxmw"
"1","2026/02/06","三平ストア新宿店","-859","みずほJCBデビット","その他","立替","","0","OumdW-kIGqG1flfSXVkGSlpwr1l3LvS2F0kIw4oI99E"
"1","2026/02/06","ワッツ　三平ストア新宿店","-440","みずほJCBデビット","その他","立替","","0","6fMn4L7sQ-z-IjIFXNCFAlJifCzjBerrOqpUcHV425w"
"0","2026/02/05","JCBデビット","-440","みずほ銀行","現金・カード","カード引き落とし","","1","Qt7N0n6EwBZ8nOJe_xzaj7yzrcma7dXNpBKtw5GJ-bc"
"1","2026/02/05","APPLE COM BILL","-450","三井住友カード (VpassID)","通信費","その他通信費","","0","SiRugoMVkTRRPEcZ0Bgg4DzJB-zlEwy9Sm_ac0xNKpk"
"1","2026/02/05","日本郵便/NFC","-2660","三井住友カード (VpassID)","その他","立替","","0","mExINhAj9jLqHdj2UwwJDs8zoyuQORibk35dZ8JrC6M"
"1","2026/02/05","ファミリーマート　葉山町","-440","みずほJCBデビット","食費","食料品","","0","eq5U0PEmLCmzwtsG1K3KlXhYnUN1qk4jUV1Ck_M04UY"
"1","2026/02/04","ノジマ","11","PayPay","未分類","未分類","","0","FNVVrRCseFfhcX0TEijTyop9UyAZMQtslDKJ2Fyddm8"
"1","2026/02/04","ノジマ - ノジマ東急ストア鎌倉店","-2260","PayPay","特別な支出","仕事用","","0","8TYYfqy1-7aL0F_ulxwBfCTHQnWPUaKBaWoo_M7P--Q"
"1","2026/02/04","by Amazon あえるだけのパスタソース 3種バラエティ 15食(267.5g) 販売: Amazon.co.jp","-1419","Amazon.co.jp","食費","外食","","0","mnpoHQo7mrLDjsqWZ0W727fVS-mrEsA1QnSkhlh4W0c"
"1","2026/02/04","by Amazon スパゲッティ 1.6mm 5kg トルコ産 販売: Amazon.co.jp","-1987","Amazon.co.jp","食費","食費","","0","KqsSRTD0BQ_nom0039sCbdtj1vcaQiCwINDjr5CqPws"
"1","2026/02/04","キユーピー あえるパスタソース カルボナーラ 濃厚チーズ仕立て 6個 (1人前×2袋) まぜるだけ 販売: Amazon.co.jp","-1418","Amazon.co.jp","食費","外食","","0","VaDgJnERXHsIeNbmPoQv7Py4SkuHG4bkkqmcHhOPTIw"
"1","2026/02/04","NETFLIX.COM","-890","三井住友カード (VpassID)","趣味・娯楽","映画・音楽・ゲーム","","0","Nt4D8mj0islY6mLcgeFOnsAieE0T0821E-K120joU7Q"
"0","2026/02/04","AMAZON.CO.JP","-1418","三井住友カード (VpassID)","教養・教育","書籍","","1","9iZKubzyEtYXZmroSSac3BJaknBgBsoWxxsPcCnjnig"
"0","2026/02/04","AMAZON.CO.JP","-3406","三井住友カード (VpassID)","教養・教育","書籍","","1","SMnb7o5gNmaxVLSE4NcqZ5hZMU9c7E9aypvBT17KYs8"
"1","2026/02/03","AMERICAN DINER EIGHT","16","PayPay","未分類","未分類","","0","l3W-JIIkMhPHo38VwGCD1bZKqkB77JunOolSgx3Ons4"
"1","2026/02/03","AMERICAN DINER EIGHT - American Diner Eight","-3210","PayPay","交際費","交際費","","0","s48HHsmPM5KvuDuwl4mXX8DcD7QWDYBVuGG60c-FwXM"
"1","2026/02/03","そうてつローゼン葉山店","14","PayPay","未分類","未分類","","0","clsudJfidsFFJQuAQb5jRUiGSWzmREwxQ7lJOgTSfxc"
"1","2026/02/03","そうてつローゼン葉山店 - そうてつローゼン葉山店","-2971","PayPay","食費","食費","","0","cT_-YtxSchb6HGv7VEQEuRTDjAx_V4lWcFYcUykcABw"
"1","2026/02/03","そうてつローゼン葉山店 - そうてつローゼン葉山店","-6","PayPay","未分類","未分類","","0","NDyomKF-3ukCqEf4ziLddI9q7Bcyw1prlmT78RDNabk"
"1","2026/02/03","リモートシアター","-2500","三井住友カード (VpassID)","交際費","交際費","","0","L9lWOi9OJXTILiqM2HcxXUTqvZAC2-OYWNygb6k6WcE"
"1","2026/02/03","APPLE COM BILL","-3590","三井住友カード (VpassID)","通信費","その他通信費","","0","dcgnK2iEQTtqdj1T04LkZ6jNj3rq5eggOXMePyLTd2c"
"0","2026/02/03","JCBデビット","-450","みずほ銀行","現金・カード","カード引き落とし","","1","yfy8QQ8ygMCUnYkxvJGybABu8z_EIYTIsS3EkWogfzM"
"1","2026/02/03","フアミリ－マ－トハヤママチ","-450","みずほJCBデビット","食費","食費","","0","Z629ljfDV2u5zzICRpWWA2wMeQLC3KGlVQqAo8KJBF4"
"0","2026/02/02","コウザフリカエ ポケツトカ-ド","-2960","横浜銀行","現金・カード","カード引き落とし","","1","uiagJZGeghKYXk3n78Ga9dMhWWiv1n9PMOQx9EbyIW8"
"1","2026/02/02","割引","217","Amazon.co.jp","収入","その他入金","","0","qmSYP9MYwYeCkFOIcS9TKWx1vZyKpXkR-K87xxXJLls"
"1","2026/02/02","花王(Kao) 【大容量】 キュキュット 4.5L 業務用 食器用 洗剤 オレンジの香り プロフェッショナル・サービス キュキュット業務用 【Amazon.co.jp限定】 販売: Amazon.co.jp","-2165","Amazon.co.jp","日用品","日用品","","0","_XZHouOLP9c7WLR1TG1NTuas0doixMDqyxpWcY7zQy8"
"1","2026/02/02","CANVA* I04780-28646015 (CANVA.COM )","-2400","三井住友カード (VpassID)","その他","立替","","0","DCt6vowZidmbEo707stIGRx8rcmNLdo-s7ScHJ0ntlA"
"1","2026/02/01","エッセンシャル思考 最少の時間で成果を最大にする 販売: Amazon Services International LLC","-1725","Amazon.co.jp","教養・教育","書籍","","0","sNaEjkRUEmzCdvY-SSSM9XF9R0nlciP-KxLMdMPiuSo"
"0","2026/02/01","Amazon Downloads","-1725","三井住友カード (VpassID)","教養・教育","書籍","","1","tUfjUsr9Mko5NsW7E991aIcG-6sRCQyv8kA3i7-XW7g"
"0","2026/02/01","AMAZON.CO.JP","-1948","三井住友カード (VpassID)","教養・教育","書籍","","1","nhdCylAX16iageRcesZnOrnQECjBJDfN0tXOiKPRRC8"
"1","2026/03/31","タイムズカー 202603ゲツガクキホンリヨウ","-880","三井住友カード (VpassID)","自動車","駐車場","","0","cHTadTJtg_qGL9U4BYFcuvd_PTUO7MwKu4UdJDM3ZTM"
"1","2026/03/31","さとし","6000","PayPay","収入","給与","","0","uqtTHfZNKdibe1aYy2vfuVbRa30gy2NuH9f_I6djrEw"
"1","2026/03/30","APPLE COM BILL","-1080","三井住友カード (VpassID)","特別な支出","仕事用","","0","brI3INdd3KbgDNcPhVVvFoMPl_ZBlJbC9NmF8L35Xb8"
"1","2026/03/30","モバイルSuica(AppleV)●","-5000","三井住友カード (VpassID)","交通費","電車","","0","6HLaX87yzeVh9Tf2YHJUWNDSWxOnhZRygm0876g9b-Q"
"1","2026/03/30","CLAUDE.AI SUBSCRIPTION (ANTHROPIC.COM)","-3323","三井住友カード (VpassID)","通信費","情報サービス","","0","jL7nxhZlhXSxbDZDSOuHBoapU_PglreH3P6SDykAeuc"
"1","2026/03/28","ETC 関東支社 (自逗子 至狩場 軽・二)","-600","三井住友カード (VpassID)","自動車","道路料金","","0","SBVBOtx14Er9ilxjOBrXwSIwMlTBbrnU7mmND3otr3Q"
"1","2026/03/28","ETC 関東支社 (自狩場 至横須賀 軽・二)","-630","三井住友カード (VpassID)","自動車","道路料金","","0","D_oWIBhHehqFE29xt-ruTosnDGq3MvtamfxH2SIuT7c"
"1","2026/03/28","ETC 関東支社 (自新保土ヶ谷 至新保土ヶ谷 軽・二)","-260","三井住友カード (VpassID)","自動車","道路料金","","0","Os4WDQ2gv8joIKZHEBmguWOpH1QyCUZ3MiplW8bdeHw"
"1","2026/03/28","ETC首都高 (自横横狩場接 至横浜駅西口 軽・二)","-500","三井住友カード (VpassID)","自動車","道路料金","","0","G1K9gJ1NXA1KpPHpah8hXj8nuqkZWlv6J15nzyEuAmc"
"1","2026/03/27","コウザフリカエ ニホンガクセイシエンキ","-19798","横浜銀行","その他","返済","","0","2da55JeNAHNBg3VHoEypPXMleyAEqnJYNXVbWCSA0RA"
"1","2026/03/27","ゴヘンサイ","-12916","横浜銀行","その他","返済","","0","kMZQHTAC7tMGaci2hkDJNmdZiIQakPg0mDIKmFTE2Yk"
"1","2026/03/27","ACサ-ビスセンタ-","50000","横浜銀行","未分類","未分類","","0","ITx9SnYW3P2wFF50Zkvcn3_IjT_zOTc7utKHgT7StAI"
"1","2026/03/27","コスモ石油マーケティング株式会社/iD","-1763","三井住友カード (VpassID)","自動車","ガソリン","","0","wmWmq2wtHmrzxLC8E2qfc9MxNDHpbSYPZXZFKR66LBM"
"1","2026/03/27","hocuspocus","-520","三井住友カード (VpassID)","食費","食費","","0","HBzM9MctMbgEHMFHlSsHgbBEfJoP9VZSC1Eq0cmP-Z8"
"0","2026/03/26","クレジツト ミツイスミトモカ-ド (カ","-96629","横浜銀行","現金・カード","カード引き落とし","","1","RFLGiRW8nvPk_2WF8JWywg6NNEANlofq26VvKDz8054"
"0","2026/03/26","コトラソウキン クドウ リク","100000","横浜銀行","未分類","未分類","","1","XSOXfkYyZieXj5HEneeYQy2_KR8qhtUMIEUndypIYQ0"
"0","2026/03/26","ジエイコインペイ","-100000","みずほ銀行","現金・カード","電子マネー","","1","syXTfInUj-EyeodgzQjuMMrNISNeGIQojP-SHWj2fHM"
"1","2026/03/24","ETC 関東支社 (自逗子 至横須賀 軽・二)","-100","三井住友カード (VpassID)","自動車","道路料金","","0","QCpzsnuVK02gA4A47nDBbdfziNLlGtumF9gaxM9yRKM"
"1","2026/03/24","強化ポリ袋 省資源タイプ 半透明 45L 50枚入り 販売: Amazon.co.jp","-300","Amazon.co.jp","日用品","日用品","","0","qtOMBzXxf7c9px9MOqD-Wl-Dw8qCS3KmSqaJsxz0je0"
"1","2026/03/24","APPLE COM BILL","-590","三井住友カード (VpassID)","特別な支出","仕事用","","0","CG4vMHddT7SOKHnVcr-v9HuywfiyQROuuHxwBCgukkk"
"0","2026/03/23","AMAZON.CO.JP","-300","三井住友カード (VpassID)","教養・教育","書籍","","1","ATMFdskhN6gKZkCEecdHXIsPFlf5msuy1C5Askgz0jM"
"0","2026/03/23","JCBデビット","-165","みずほ銀行","現金・カード","カード引き落とし","","1","dVfRaImsUn3gycSjzUTe9eqB87Xg2NHaxY_P6ciUyrE"
"1","2026/03/23","セブン－イレブン葉山一色店","-165","みずほJCBデビット","食費","食料品","","0","C2DYYwSfYs7absjrMjQwrBdBBHgUjy_paYX9aqybraE"
"1","2026/03/22","povoご利用料金","-2780","三井住友カード (VpassID)","通信費","携帯電話","","0","XbdXXqSNk788g2A9mLg3R5q_q0CaMODPvemH5A9LlPY"
"1","2026/03/22","島忠ホームズホームセンター横須賀店","-25977","三井住友カード (VpassID)","特別な支出","仕事用","","0","R93oJu2euJaEcau-4U3io0PfAw1uk7KMsKqDGJtUumI"
"1","2026/03/22","セブン－イレブン葉山一色店","-621","みずほJCBデビット","食費","食料品","","0","jRDi_tvGdCfLE19fjEtgdtK24OjzlzAmFd0UYjGfBHc"
"0","2026/03/22","JCBデビット","-621","みずほ銀行","現金・カード","カード引き落とし","","1","nMyhTaPOYDmc64IHd2ORn3vWcgYsUwCDalcV_ZkMVKs"
"1","2026/03/20","PayPayほけん","-650","PayPay","保険","その他保険","","0","bN5BVzgplaeqBRVHWPAwDa-xrkDp-IPacb5LLC8uiPg"
"1","2026/03/20","PayPay","3800","PayPay","未分類","未分類","","0","QyvNbURjCiwnNQYyqquDLL8CknkdlfzBqih0pLnKsgk"
"1","2026/03/20","ハルカ","-6800","PayPay","交際費","交際費","","0","WvJNdeIk_iKy7bZ44CvF1j3Azh9uj_jbafzONhGqzSU"
"0","2026/03/20","JCBデビット","-484","みずほ銀行","現金・カード","カード引き落とし","","1","KzkWz3KkwmtDDJueGl9NOT2hw8xnuKtmf5GY82OXnPk"
"1","2026/03/20","PAYPAY","-3800","みずほ銀行","現金・カード","電子マネー","","0","8O-wEl0bt6dg7d1doY9bGTIDvAbHseO2A4Qk4JdD_LQ"
"1","2026/03/20","フアミリ－マ－トハヤママチ","-484","みずほJCBデビット","食費","食費","","0","8vePWczRrnAoEQrdEEWEA6QMrYELtg9g1eTktCOl5KY"
"1","2026/03/19","Yuta","-1525","PayPay","交通費","その他交通費","","0","neDgczRguU_kV5pzZ-ux1DIMArd6m0JF9M6JWC1x8hU"
"1","2026/03/19","Yuta","-600","PayPay","食費","食費","","0","u31QxeByCOjVpsWmq7vj6AOfPujF6NrqBB5OJ9sp8nY"
"1","2026/03/19","ミニストップ　鎌倉十二所","-457","みずほJCBデビット","食費","食料品","","0","F8670HN4J9YMwTLIkOYrBWtGQpfxUAt4u_rwolrfGWI"
"0","2026/03/19","JCBデビット","-457","みずほ銀行","現金・カード","カード引き落とし","","1","HCYdqerQjGu3onxFrYh_W5vdAPUSy7MKq5iMrEgvvi0"
"1","2026/03/18","松屋","-350","みずほJCBデビット","食費","食費","","0","TQx8njFwcmBB-GJBZ26Dq4OLIHDRA0UMN_nbot328yg"
"0","2026/03/18","JCBデビット","-350","みずほ銀行","現金・カード","カード引き落とし","","1","p8jCchqY63wlGZpW7n7qrXbtIhU3FBstYZGCOUSlxVo"
"1","2026/03/17","AmazonPay提携サイト","-4279","三井住友カード (VpassID)","教養・教育","書籍","","0","xpDHpMKowJxNT4TAKxFaw60PyOzEE-iBdEMZgOBIo5w"
"1","2026/03/17","モバイルSuica(AppleV)●","-5000","三井住友カード (VpassID)","交通費","電車","","0","tZUT9xhqPc0CFbLzl58KhUbAvzIdTCjFWDeqO-VcntU"
"1","2026/03/16","カケキン ゼンコクキヨウサイ","-1000","横浜銀行","保険","その他保険","","0","LUbvCO2kxjEtTuKDMPP6U4FR0FKkdUPA1jb8JizuYp0"
"0","2026/03/16","JCBデビット","-350","みずほ銀行","現金・カード","カード引き落とし","","1","5zMKEYp9y1I78G6iiVBe0xl7zcqg7F_3iXcC-blKszQ"
"1","2026/03/16","松屋","-350","みずほJCBデビット","食費","食費","","0","eHiCwWwwDdPDHvDNCGAZshLNJzn1RWsjVYPoMALGZ4I"
"1","2026/03/15","ソフトバンクM(02月分)","-825","三井住友カード (VpassID)","通信費","携帯電話","","0","1M7oStb5q-F6McVHcSC3_5jyRL3nxGX0Yxyi8DLEBCM"
"1","2026/03/15","ソフトバンクM(02月分)","-3209","三井住友カード (VpassID)","通信費","携帯電話","","0","sdVnYzhUSk_T3K4ckCzifMq42W5kREGvtXG8f7h46U0"
"1","2026/03/15","島忠ホームズホームセンター横須賀店","-7236","三井住友カード (VpassID)","特別な支出","仕事用","","0","GQpDIhugsMg40lY9D6hxllKr05F-QpUtGUW9Mg1GXJA"
"0","2026/03/15","JCBデビット","-182","みずほ銀行","現金・カード","カード引き落とし","","1","fEvz2j2oEiCN3FrS2EqhY7MKXBc3QDkKxxDNUwtukCw"
"1","2026/03/15","ＮｅｗＤａｙｓ／ＫＩＯＳＫ","-182","みずほJCBデビット","食費","食費","","0","myz6sSbSAA7ME8h_YFgRWHm48tGl1_x1vLJMUFqGc7s"
"1","2026/03/14","7673 業務スーパー 逗子店","-4330","三井住友カード (VpassID)","食費","食料品","","0","qWfQ2fTyr5byhP3DEXljG4V2IPSyDJAF9BFL3ite0fY"
"1","2026/03/13","GSfood さくらソース 500g 販売: ストーンベル","-1464","Amazon.co.jp","その他","立替","","0","8FYBGekBjoB1ykvMqkPyCzAlEAkcnEPfYsVPyW1g3aU"
"1","2026/03/13","モバイルSuica(AppleV)●","-5000","三井住友カード (VpassID)","交通費","電車","","0","Ma9K7Amny0wR9TIycybpD-WvTN5MkJk3MpZY36U1ENs"
"0","2026/03/13","JCBデビット","-279","みずほ銀行","現金・カード","カード引き落とし","","1","n4KOYZuFvVcs-hhToG3L2He7B03_XxZ4ZNJw96xBL7k"
"0","2026/03/13","JCBデビット","-127","みずほ銀行","現金・カード","カード引き落とし","","1","SFzuLYBUG_avjAAOOqvnqgTCMWpyb2U3BW1Xyx8N-R4"
"0","2026/03/13","JCBデビット","-371","みずほ銀行","現金・カード","カード引き落とし","","1","fzwHxsHeojAS53gcJCgxKABrB_Fk0FlF73VDU2-U0Y0"
"1","2026/03/13","PE DFACネツトフリコミ","-19465","みずほ銀行","特別な支出","返済","","0","TXtqyMSv2ofTMCaX3kA11yOZk1QtkkcuBqx31Dz3m6E"
"1","2026/03/13","フアミリ－マ－トチユウオウヤエスニチヨウ","-371","みずほJCBデビット","食費","食費","","0","i9ldHWW6RgRM-QAxpDY2cJcdK0kek_EFwusDqHZBvFg"
"1","2026/03/13","ローソンＮＬ　トウキヨウスクエアガーテ","-127","みずほJCBデビット","食費","食費","","0","D2nRzd_7ZqtGDKsyiZh5Bptd4NzOFaWmrxi_MLKMvw8"
"1","2026/03/13","ローソン　トウキヨウスクエアガーデン","-279","みずほJCBデビット","食費","食費","","0","J_0OgrwLh98OhpHeJokp3-tE4qoszkffwRsfPJTRR6g"
"1","2026/03/12","フアミリ－マ－トハヤママチ","-194","みずほJCBデビット","食費","食費","","0","EIN_FWyQmpVmGqi8tn6MfiDeOZOK-XGrZK7cFD89o2M"
"0","2026/03/12","JCBデビット","-194","みずほ銀行","現金・カード","カード引き落とし","","1","8CEi7k26N3hhyrPW28_8zikdfk2aDM-KBjhIC0zT2i8"
"1","2026/03/12","振込 ミズホJCBキヤツシユバツク","39","みずほ銀行","収入","その他入金","","0","OUxGTpVQz4Wc3VKTvVmT-TB2C_Cl8HM-5FzL6_yS9_8"
"1","2026/03/11","丸山和貴","1536","PayPay","収入","立替金","","0","HRLyBlCCPI1BpzINbHFF3yfxx08AG3JKuBTX-eD7Fv4"
"0","2026/03/11","AMAZON.CO.JP","-1464","三井住友カード (VpassID)","教養・教育","書籍","","1","AW7GvcNps2XxsY6nbaFW-k5YpGgrERQQCHesyNQv_sk"
"1","2026/03/11","アクサダイレクト 自動車保険 月次","-2520","ポケットカード","保険","その他保険","","0","K_O66fJBQn6qangdYQ38Gno1pLMVWz0yblzgP765PUU"
"1","2026/03/10","PayPay","5000","PayPay","未分類","未分類","","0","56wJ7ZmwXDpiDPDIR8iDeEyISNdiYxGSIBgS4Ak8LuQ"
"1","2026/03/10","Cafe 会英楼","-5160","PayPay","その他","立替","","0","WlXEj3SA5olAw01rF0xiU3vrXIRGsqzQzLWiBGjo44s"
"1","2026/03/10","アンナ","3000","PayPay","収入","立替金","","0","1mRR87Dvv9hatEp7nBHGi4Jm04t3IOkHNN1O6pTy6qg"
"1","2026/03/10","アンナ","700","PayPay","収入","立替金","","0","KQjPFXGoXMU1y-1u9d7qgsLbI_9KUyfLc5DmhFHogo0"
"1","2026/03/10","日本製 タピオカストロー 半透明 50本セット 直径12mm×長さ180mm (約) タピオカ用ストロー 販売: e-berry【適格発行事業者登録店】","-750","Amazon.co.jp","その他","立替","","0","OIWLhAl0vBorpbALoCFyeQ8c5NvzkwzNJvx3P1GKMGU"
"1","2026/03/10","みたけ食品 旨みねりごま 黒 1kg 販売: Amazon.co.jp","-1764","Amazon.co.jp","その他","立替","","0","GrpkyB3UoXTut6x5IL4pNRlScAa55ZWo08aFMxyr4ps"
"1","2026/03/10","黒糖本舗垣乃花 沖縄産原料十割黒蜜 180g 販売: Amazon.co.jp","-646","Amazon.co.jp","その他","立替","","0","XyW5ozpsJk3PO822889aAeBcXF6xVepx1HFDmgf2OqE"
"1","2026/03/10","和紅茶 濃紅 45g 深い香り 国産京都宇治 100% 無添加 パウダー 粉末 本格 美味 uji powder 製菓用 料理用 お稽古用 ラテ ミルクティー 本場 45g 販売: matcha MAKU-UCHI","-1688","Amazon.co.jp","その他","立替","","0","CGHG9sGaacZVIMAz8eQCJHlFHQYeE9FtdewHcqWXUuc"
"1","2026/03/10","povoご利用料金","-1408","三井住友カード (VpassID)","通信費","携帯電話","","0","YWx_wyNluy-7WFXRs2oNK6O8quf66p32duKDoWjxN-0"
"0","2026/03/10","AMAZON.CO.JP","-4848","三井住友カード (VpassID)","教養・教育","書籍","","1","l2WQS7ls1v74efVwdFB3sQaMFh0Ic5g6-wdP3mo0Xi0"
"1","2026/03/10","セブン－イレブン葉山一色店","-110","みずほJCBデビット","食費","食料品","","0","d7OdwS4XXPqlB2lSyF92bG8FI-sSMLQcMVXFJbNzC44"
"0","2026/03/10","JCBデビット","-110","みずほ銀行","現金・カード","カード引き落とし","","1","m2j_FFm10urrq3znXcGQGHSCRY1d4a7WSpEpYdNKe2k"
"1","2026/03/10","PAYPAY","-5000","みずほ銀行","現金・カード","電子マネー","","0","04pOv3wQ3OFgUO8BQtE-ihwD4jcmm0Q9i6E-8zpgcYo"
"1","2026/03/09","khr","600","PayPay","収入","立替金","","0","BqKxgQGoZ8MCbzh0ENk-jLW6W6n9e4x8E8RrubyW4TQ"
"1","2026/03/09","日本郵便/iD","-1030","三井住友カード (VpassID)","その他","立替","","0","97Xus-kD_-tW9S-6FlefHMp8llcz-BHAbRF2DM8fdQ4"
"1","2026/03/09","AMAZON.CO.JP (返品)","390","三井住友カード (VpassID)","未分類","未分類","","0","c3XjMDvwE1eldU92O_6IiMoYXnIkVaw_foMJLMOSXVo"
"1","2026/03/09","ネツト カ)ビ-ト アイス","-180000","みずほ銀行","住宅","家賃・地代","","0","wQkVKu30vK4L_GNcFl6ud2fqpzYM_0qH7QPJyPe1Tko"
"1","2026/03/09","振込 カ)ビ-ト アイス","271912","みずほ銀行","未分類","未分類","","0","xzoBOyisoGX3f9cmRiSqENsLA_7hDHylf8GT5RSDiMo"
"0","2026/03/08","コウザフリカエ ペイペイ チヤ-ジ","1000","PayPay","未分類","未分類","","1","a2lOLGEZilvo7FP8ulAP8as31fT2-YmLehoH3wUQX3A"
"0","2026/03/08","コウザフリカエ ペイペイ チヤ-ジ","-1000","横浜銀行","現金・カード","電子マネー","","1","gqFC2adxpmEpWJOazX_wd3Oo4ijXvShbuADBb1yZitk"
"1","2026/03/08","Tomoya","-2675","PayPay","交際費","交際費","","0","Mq9JywOTLGWYTQr6aXexWYsdiFGQB0XkS_9MyOanLpI"
"1","2026/03/08","PayPay","1000","PayPay","未分類","未分類","","0","MdGw_vfr1oXozqkQFDeyODSKI4f9EYE5JugIOy-LA-M"
"1","2026/03/08","パスマーケット","15","PayPay","未分類","未分類","","0","SObEgt1wLn6hfRof4YxHHyTmO1k9nQrYsYgRy9Oli7A"
"1","2026/03/08","パスマーケット","-3000","PayPay","交際費","プレゼント代","","0","R4ngNliEDGxVC0_Dr067UtomuZlMI9vXece2M9wmchU"
"1","2026/03/08","7673 業務スーパー 逗子店","-408","三井住友カード (VpassID)","食費","食料品","","0","9vZdbLlE4SHjMhcVmnZcGuaH3sl06b_z64SOjOOL1NE"
"0","2026/03/08","JCBデビット","-2728","みずほ銀行","現金・カード","カード引き落とし","","1","6MdMr1qeGDRkpM1ftB7rQLeoyln2c4_83JRezUs8y4k"
"0","2026/03/08","JCBデビット","-396","みずほ銀行","現金・カード","カード引き落とし","","1","691mJ6U-W5AWVATikqaqMLmJUMqPFgQj2-zW7hD-6hI"
"1","2026/03/08","フアミリ－マ－トヨコハマミナミサイワイニ","-396","みずほJCBデビット","食費","食費","","0","_3E0yHAQK0l_uG6dqA4kzFgGKgTjoCfdwvtmKQOOQm8"
"1","2026/03/08","そうてつローゼン","-2728","みずほJCBデビット","食費","食費","","0","nW9vhx8C8F_GdzFt5iycmcdR4bnrE-3tI42MrOhzjMU"
"1","2026/03/08","","-220","現金","自動車","駐車場","","0","cIQczDOQRRVwZcw0GA7tvg9W_viRSjBnNG-BPKARdT4"
"1","2026/03/07","ENEOS-SS","-1509","三井住友カード (VpassID)","自動車","ガソリン","","0","Zu5CZu0yymAFvhx_931GcaB-wXblqNhqPZ5o2SjhU1Y"
"1","2026/03/07","ルミネ横浜","-1980","三井住友カード (VpassID)","衣服・美容","衣服","","0","g6l4qX3nCzFaL0XMQ8ZGJIBd3CM5_o3Dtztcy7x6zpA"
"0","2026/03/07","JCBデビット","-250","みずほ銀行","現金・カード","カード引き落とし","","1","c0vpNuHpd8wtrPF28SLjfl8-Vv8E4rzuxoeRx9yNjao"
"0","2026/03/07","JCBデビット","-108","みずほ銀行","現金・カード","カード引き落とし","","1","ebc_dmcDLb5ieocyI90oFPq7rxbISVnbQVVXQt_Hgxg"
"1","2026/03/07","株式会社Luup","-130","ポケットカード","交通費","その他交通費","","0","p88xHnGYoPTGzBKT0wFqHZNdpnZUdCFKIVX7pqWFVGk"
"1","2026/03/07","フアミリ－マ－トガクゲイダイガクエ","-108","みずほJCBデビット","食費","食費","","0","JvZ_rPeYlH5qeieVuua4IJetIYL7Xz27wDE8B1i5zxo"
"1","2026/03/07","マクドナルド横浜ポルタ店","-250","みずほJCBデビット","食費","外食","","0","xm4GVbD7hDEYfLOvnlQvewl4RCYkCb7o6--9GgHG4JE"
"1","2026/03/06","モバイルPASMOチャージ","-1000","三井住友カード (VpassID)","現金・カード","電子マネー","","0","ZdxfmoTmkDPVQWaifrYCOpIEJJyElc-B6qkFErNBDBU"
"1","2026/03/06","APPLE COM BILL","-3000","三井住友カード (VpassID)","特別な支出","仕事用","","0","AmlxNW0zdhGvlN8LuiJWH_mCJsQGHzwI4Ck-NEvExk4"
"0","2026/03/06","JCBデビット","-490","みずほ銀行","現金・カード","カード引き落とし","","1","P7wJZc55xZK4w15fyyuXTJO1lW6lYRGF92P4c11GLi8"
"1","2026/03/06","松屋","-490","みずほJCBデビット","食費","食費","","0","Ps2_sbYnXqvSn42Jz-4ORbsKJCjFZSz1wPZB68_-Gs0"
"1","2026/03/05","APPLE COM BILL","-450","三井住友カード (VpassID)","特別な支出","仕事用","","0","f1j-OyltxhL4cnFA0zp5yitk2kg2P_s1x_sJGpmxxpM"
"0","2026/03/05","JCBデビット","-740","みずほ銀行","現金・カード","カード引き落とし","","1","yyOIodmkWJviI7bwn998GiG-3smnxDDpTGR1LPKlHmA"
"1","2026/03/05","パラダイス銀河","-740","みずほJCBデビット","食費","食費","","0","B8-2hkdHzZzHDlbTUdljcar20DDCG43OdqYmF50s7c8"
"1","2026/03/04","丸山和貴","4800","PayPay","収入","立替金","","0","F9SgtYK7PJL8NKL92uwqEgUIfcFQ-wvQqjSOXTJA7tc"
"1","2026/03/04","ETC 関東支社 (自新保土ヶ谷 至新保土ヶ谷 軽・二)","-260","三井住友カード (VpassID)","自動車","道路料金","","0","kMQIvwgYuz0aNOztfwFvJ1Obcm0oWeKNuCZSt0LCBPM"
"1","2026/03/04","ETC 関東支社 (自狩場 至逗子 軽・二)","-600","三井住友カード (VpassID)","自動車","道路料金","","0","DEtqmjynV5YLWKf6qoqHmKU954fGojTV-mdlZMktWiU"
"1","2026/03/04","ETC 関東支社 (自玉川 至保土ヶ谷 軽・二)","-310","三井住友カード (VpassID)","自動車","道路料金","","0","V8gJlHL9ytiDAgHtsjOeJGfXxSyuNA7g9yZ1LA2bGQc"
"1","2026/03/04","スギザキコウソクバス","-9600","三井住友カード (VpassID)","交通費","バス","","0","wDgtSZups_5B_VnYeJiIYxOKE2iNfPEk9fav_VrwD0A"
"1","2026/03/04","NETFLIX.COM","-890","三井住友カード (VpassID)","趣味・娯楽","映画・音楽・ゲーム","","0","b4ylZSLYyXvOtNhe7VbshtmTIl_Ffwe57ljg4vBvaHI"
"0","2026/03/04","JCBデビット","-127","みずほ銀行","現金・カード","カード引き落とし","","1","xhDR027uR_6UBLEnjshcHup8yN7fYV0Ri8QjyJSjQu4"
"1","2026/03/04","振込 カ)ビ-ト アイス","42577","みずほ銀行","未分類","未分類","","0","qFREpwaA45n8QwHh3s9OzAFcKSVAenJaIuAUWfEdw2g"
"1","2026/03/04","ローソン　ヨコハマアリーナ","-127","みずほJCBデビット","食費","食費","","0","t5ZagaiecVQM5A5HVqf7afj9vqnfoPeaLJNE6W4x31w"
"1","2026/03/03","APPLE COM BILL","-3000","三井住友カード (VpassID)","特別な支出","仕事用","","0","Is6piSZ-vIEnXPSF8F41TChRuSCDiPO2MdP2QFe4s7U"
"1","2026/03/03","Good Luck Curry 竹/iD","-1900","三井住友カード (VpassID)","食費","食費","","0","ZRtVnM99L2uLUhQxUSNpl_fUvLZO28xInmePIyTO348"
"0","2026/03/03","JCBデビット","-496","みずほ銀行","現金・カード","カード引き落とし","","1","XFpyQPPUBw1D_B0r-utkqS-hZXxkQVrq-2GuZHKYIho"
"1","2026/03/03","セブン－イレブン港区海岸１丁目店","-496","みずほJCBデビット","食費","食料品","","0","eR_qlPf-G-aw9O6g1mYmRnrP9Ouc0Y3G6vtYqRh5zwI"
"0","2026/03/02","コトラソウキン クドウ リク","-10","横浜銀行","未分類","未分類","","1","lA1t13axwoWr8CIj5PdmBJPeNcrHVgwCq2MMuzVOBcg"
"0","2026/03/02","コウザフリカエ ポケツトカ-ド","-2930","横浜銀行","現金・カード","カード引き落とし","","1","SKU5xec5ksAj8lqlY7XEJnN_ueWdI841I3QckxkFwlA"
"1","2026/03/02","丸山和貴","-1536","PayPay","未分類","未分類","","0","pdpkE-BrHBPOaNY2762JWm0GjcQf9WJBDx-NnGbZJbQ"
"1","2026/03/02","PayPay","6188","PayPay","未分類","未分類","","0","dA1kpMPEzTKtvh3y62oNSk54FMyzCdCSbR0RXrV29z0"
"1","2026/03/02","丸山和貴","-7000","PayPay","交通費","交通費","","0","8J5T0tYCnAw9eQgelw4sh1wz5s3pSAFN2qxl4PLKJP0"
"1","2026/03/02","povoご利用料金","-330","三井住友カード (VpassID)","通信費","携帯電話","","0","OmjMFXzgeBhVCmp3G9I_DvZsV7VUPYcQYox0s4IkgPE"
"1","2026/03/02","ノジマイオンスタイル碑文谷店/iD","-1958","三井住友カード (VpassID)","その他","立替","","0","hxiFMfzsB4AiT32c0o0i-t38tjl487ccGeoyZCSbjMc"
"1","2026/03/02","東急ストア/iD","-582","三井住友カード (VpassID)","食費","食料品","","0","0m_NW9Wwju_P99OLaFMCvGaR8FWsv8WAXjMzUlRplfs"
"1","2026/03/02","大塚湯/iD","-550","三井住友カード (VpassID)","趣味・娯楽","風呂","","0","gqCOHmW88UaVvSdjorerQwTu8QwJY7o7Ry5gy79oQog"
"1","2026/03/02","Square SQ*四ツ谷 Local","-3000","三井住友カード (VpassID)","趣味・娯楽","ドラム","","0","_Vy_ieW9Ja1EpFkJr01bLHL44H0AkF2x8eVtPO37fzg"
"1","2026/03/02","サンマルクカフェ 四ツ谷駅前店","-320","三井住友カード (VpassID)","食費","カフェ","","0","lLWHN9bymmIe23ytnF1fUqEXRKbtn43MSPvr7QNu76w"
"1","2026/03/02","フリコミテスウリヨウ","-110","仙台銀行","その他","雑費","","0","HiNRDUePhjI3RJcxpcax3Rhqy483KnpQC9vaFSUH_Zg"
"1","2026/03/02","IBフリコミ","-14339","仙台銀行","未分類","未分類","","0","Tm9IFmc4oAbwzWMjn1nqTuoVHG1He7mNlQUTKgGUvBA"
"1","2026/03/02","PAYPAY","-6188","みずほ銀行","現金・カード","電子マネー","","0","lmHkWPvPcnZKl4Fi510o923Ia8sLp_GfmnPFhEXYAls"
"1","2026/03/02","振込 クドウ リク","14339","みずほ銀行","未分類","未分類","","0","HgaXens7tW7PatYPO2r4SZtHti8PLV--G7TMupEitwQ"
"0","2026/03/02","ことら クドウ リク","10","みずほ銀行","未分類","未分類","","1","gPjmnMsniYuQ9wfdYu6MKJqT6VaRstkTi3UNdwTv30o"
"0","2026/03/02","JCBデビット","-110","みずほ銀行","現金・カード","カード引き落とし","","1","oCruD1kvUT_qPbOdXDdJvL5Qr4ZzjWgAQ8E0LbOFVSQ"
"1","2026/03/02","フアミリ－マ－トメグロチユウオウチヨウ","-150","みずほJCBデビット","食費","食費","","0","Tzdout0aI4B7EV2fEO5uOBfl_u4amf4RH1Q4PETHfI4"
"1","2026/03/02","セブン－イレブン新宿左門町店","-110","みずほJCBデビット","食費","食料品","","0","SWDhE3t4cEqWiNfG17Tr4N2zR7407WmpDJ62m8he0qU"
"0","2026/03/02","JCBデビット","-150","みずほ銀行","現金・カード","カード引き落とし","","1","CEkSS_NwhrCv2rkLVNRApM0Nw11L0DKUXxc0x6cs2nM"
"0","2026/03/01","コウザフリカエ ペイペイ チヤ-ジ","3000","PayPay","未分類","未分類","","1","9hPaMh1Rm9ZAzRdRHR6-Ieg5qrVL9AxmVDqY16HH7UM"
"0","2026/03/01","コウザフリカエ ペイペイ チヤ-ジ","-3000","横浜銀行","現金・カード","電子マネー","","1","nJGL7rIhUkDAKQIEYmaMdUEnnV9_8dcllrP9mKzGsEk"
"1","2026/03/01","PayPay","3000","PayPay","未分類","未分類","","0","z_gcu0Oa2XcgIF-hzkkrEck17u-dyRDfvrfz2fwJRcM"
"1","2026/03/01","丸山和貴","-700","PayPay","未分類","未分類","","0","zmsrIQ_kzZD3fm1dJiBNLjTBC5YW7-K8XWK6PsB4aJQ"
"1","2026/03/01","パラダイス銀河/iD","-590","三井住友カード (VpassID)","食費","食費","","0","WJ7KSq5dFPbTWomrdp8SECDYFnBYaXaE4oyit8rYHaE"
"1","2026/03/01","モバイルPASMOチャージ","-5000","三井住友カード (VpassID)","現金・カード","電子マネー","","0","kPiMfEcT30A3lBp-HRooAB3Os7TrRKUkhqbS9x8hpcc"
"1","2026/03/01","CANVA* I04807-26591676 (CANVA.COM )","-1180","三井住友カード (VpassID)","その他","立替","","0","-GHRsktGI0Xwdn1_IjRLAEQt6A_C7LJNNreQzBCjDxs"
"0","2026/03/01","AMAZON.CO.JP","-390","三井住友カード (VpassID)","教養・教育","書籍","","1","YnjHJODpK0rS9NOiD9Yh1aOAueUr-z_w_oKTaYXV_7U"
"1","2026/03/01","Ad free for Prime Video 販売: AIV_AddOn_JPProd","-390","Amazon.co.jp","趣味・娯楽","映画・音楽・ゲーム","","0","8ILSK59KC5CvyWyGOdhAhi8hqJnB0dj7MUP_ZuOSYaE"
"1","2026/04/30","皓夢","-5630","PayPay","未分類","未分類","","0","KYHJWaLLp0WsfckJl6N5uO0FRpN6gUt6HknNgJ18ntk"
"1","2026/04/30","カ)ガイアツクス","126807","横浜銀行","未分類","未分類","","0","BdftLF_BjbAC42gWSeka3SYsCRbJunk7y_BJjGBKZGY"
"1","2026/04/30","タイムズカー 202604ゲツガクキホンリヨウ","-880","三井住友カード (VpassID)","自動車","駐車場","","0","qrN0EeRkHa0aaTKe6XHcndjCAb2mYfZVz5fTQdmC9yQ"
"1","2026/04/30","那須高原サービスエリア店/iD","-380","三井住友カード (VpassID)","食費","外食","","0","fobyvOTzE_qOMvGOD_5D5ZUjqWa5WS4XPbmPZlMcnrk"
"1","2026/04/30","デイリーヤマザキ/iD","-108","三井住友カード (VpassID)","食費","食料品","","0","MrFS9xwIk4YNtYerzJgFuUhY64HtsfjA1wAlBBqytDE"
"1","2026/04/30","ファミリーマート/iD","-348","三井住友カード (VpassID)","食費","食料品","","0","gw9u7PzbJr0lJXOvHJ1c1XqZPXDjuxI3wTZc-6RDHcY"
"1","2026/04/30","povoご利用料金","-250","三井住友カード (VpassID)","通信費","携帯電話","","0","LplRBGlMHSzIj8Q574trsUnL1IZ4S17EelxReZL-6jI"
"1","2026/04/30","ラクテントラベルコウソクバスバスツ","-5800","三井住友カード (VpassID)","交通費","バス","","0","4MInIWwGbfdxcA9czKDsudKRKSuT4gtHzKpqIwuhSj8"
"1","2026/04/30","APPLE COM BILL","-1080","三井住友カード (VpassID)","特別な支出","仕事用","","0","2IIMAFwGF74MBuwibBTgkH8jNCZ9z39TtNXjdYTJ8SQ"
"0","2026/04/30","AMAZON.CO.JP","-3280","三井住友カード (VpassID)","教養・教育","書籍","","1","P0UPwF2er8VnsUaNoVLF21JeaUUtbupx_r5CA5Jc77g"
"0","2026/04/30","AMAZON.CO.JP","-6783","三井住友カード (VpassID)","教養・教育","書籍","","1","d3URJryoyV0tziiXxxglYzejbK-MpP778BvaOb3z-kw"
"1","2026/04/30","モバイルSuica(AppleV)●","-2000","三井住友カード (VpassID)","交通費","電車","","0","TSnNsh9jIdISGaHwW6ZOd6rQyiCdnt54vH5-MoCWOI8"
"1","2026/04/29","はま寿司","16","PayPay","未分類","未分類","","0","LGCHKQborNCA4pfM9F6k0keYrmngqnogjSXVdy59ob4"
"1","2026/04/29","はま寿司 - 横浜笹下店","-3355","PayPay","未分類","未分類","","0","xyR632W7tuwWMhNyiKu7OYNtcYKg-Sy0gRS8ZBp-Qtc"
"1","2026/04/29","Yuta","690","PayPay","未分類","未分類","","0","K5kjyy4kT58Fw9JqqOnue2YXkJFZmCnPmtiidWPmR-E"
"1","2026/04/28","UNICITY","25","PayPay","未分類","未分類","","0","VFWIOQT83Ye2VCQ-wYAc-t-IG4VuE5WKWLw9QKEYy0g"
"1","2026/04/28","UNICITY","-5000","PayPay","未分類","未分類","","0","v-NGKiGwn_RgFPlODE6sEaeON7rlf4IsoNYy1DFgf8o"
"0","2026/04/27","クレジツト ミツイスミトモカ-ド (カ","-18000","横浜銀行","現金・カード","カード引き落とし","","1","_R3zB5IEux3Xd5ARZ39hKsvPEJ05d7Cljla1JDEZ_vo"
"1","2026/04/27","コウザフリカエ ニホンガクセイシエンキ","-4951","横浜銀行","その他","返済","","0","9Fn2h5jJlIsGJ9E9WQnvJ4iDf7_Qqtzj_bLpXt0joPY"
"1","2026/04/27","ゴヘンサイ","-12916","横浜銀行","その他","返済","","0","StrmJHQ5i8NtcTHpfbxqtKdvu28IhwEgWj21XZENw8M"
"1","2026/04/27","テスウリヨウ","-154","横浜銀行","その他","雑費","","0","Y1-j3cSPEZpvGpAnBz0lw6ctoq1WBGLKCKQCFY7NlO0"
"0","2026/04/27","インタ-ネツト クドウ リク","-2000","横浜銀行","その他","返済","","1","KTwuKS_qEIIdnHu_zj2YXtkvwDeuuK2s2yIuGoi8l0Y"
"1","2026/04/26","セブン-イレブン/iD","-558","三井住友カード (VpassID)","食費","食料品","","0","l6JpmpskAofpVikauFx-jjzhSkxaZzVjgyAiabTdV34"
"1","2026/04/25","葉山マルシェ/iD","-800","三井住友カード (VpassID)","未分類","未分類","","0","Uk6VHriHWCNU4JOHvnjLEjxMmKQZkKP7Qjq-mQqAxw8"
"1","2026/04/25","RUNWAY STANDARD PLAN (RUNWAYML.COM )","-2735","三井住友カード (VpassID)","未分類","未分類","","0","1bDgzLmFG-kNS2KzoeaoIM67rGVQXRl0g1wjhQAcPkg"
"1","2026/04/24","カインズホーム","-9030","三井住友カード (VpassID)","日用品","日用品","","0","v_AavgHiYU3O8Aq3VZ_s1QHTms5jtE_78Thdt1fEi_Q"
"1","2026/04/23","povoご利用料金","-2780","三井住友カード (VpassID)","通信費","携帯電話","","0","c8eb3S0t5Fjo3W03b9brrw_5H4x-GGSvb_XDkU-wsIo"
"1","2026/04/23","APPLE COM BILL","-600","三井住友カード (VpassID)","特別な支出","仕事用","","0","tOGowWiJ6qOuXwb_hU8iL5CQ3G6fb5pYE2SrJJc6I3o"
"1","2026/04/22","GOOGLE*CLOUD 5N6LD3","-2000","三井住友カード (VpassID)","通信費","情報サービス","","0","zw2zt67xNneCnkn0MvqVkXqZA6RAUBMrZNj9cUcKydg"
"1","2026/04/21","さとし","8000","PayPay","収入","給与","","0","PiRzZXheDbThxS_siHnQ4Am688IeozSozdA2GTn67Z4"
"1","2026/04/21","メルペイ(メルカリ","21850","横浜銀行","未分類","未分類","","0","1K16jeB1MBaiBda-st6OOd3tz9SrbgED0sRgpq1Bfc0"
"1","2026/04/21","ANTHROPIC (ANTHROPIC.COM)","-908","三井住友カード (VpassID)","未分類","未分類","","0","JlokgOx2kDZIazi1JDW-phh_IzZkCca9nOgicHKGsFQ"
"0","2026/04/20","インタ-ネツト クドウ リク","1","横浜銀行","未分類","未分類","","1","1TaZZeodqhgK-rKLG74OCEZ5oMeLzdXAiSQIG1mNndE"
"0","2026/04/20","インタ-ネツト クドウ リク","-1","横浜銀行","その他","返済","","1","8EbJhenaJEIRXItAxYQ45H8BQLg8ZcBctdW-RQ2DsbE"
"1","2026/04/19","CLAUDE.AI SUBSCRIPTION (ANTHROPIC.COM)","-16952","三井住友カード (VpassID)","通信費","情報サービス","","0","N7kqwfevSQ0KVel_alwYH0LSbPqd1hrndeDcIgxl_Us"
"1","2026/04/18","Square/iD","-250","三井住友カード (VpassID)","その他","立替","","0","4FfVKX2m6X97SVRoj-W-jpYR_hPTjqS3AZXrxI67E3U"
"1","2026/04/17","葉山町役場 町民健康課/iD","-600","三井住友カード (VpassID)","未分類","未分類","","0","Oukrp-D_WamCM4kOkTi47chJIA7Me5Lvb1lD6p00rj8"
"1","2026/04/17","ENEOS-SS","-1540","三井住友カード (VpassID)","自動車","ガソリン","","0","ovIWxZdZ8qwWIiZS20Z27p9ihGt09LYUSzDeHvQ0QcQ"
"1","2026/04/16","ファミリーマート/iD","-150","三井住友カード (VpassID)","食費","食料品","","0","hgWRqw8sRB8rUJUODXwIFb_lTjbCsR3weCv1FnUitxg"
"1","2026/04/16","ハンディホ-ムセンタ-綾瀬店/iD","-16456","三井住友カード (VpassID)","特別な支出","家具・家電","","0","fer2g9rAFzduOt2oeEFxSfRSjSGf0aq8fEdw5Vo--ko"
"1","2026/04/16","島忠ホームズホームセンター横須賀店/iD","-984","三井住友カード (VpassID)","日用品","日用品","","0","LCDIC5lGK4uqqF6qwK2B1dFfh-D5sUYPr6LQNmpUwD4"
"1","2026/04/16","魚べい ブランチ茅ヶ崎店/iD","-1724","三井住友カード (VpassID)","未分類","未分類","","0","fmpFTt7Cn9yAb0GuuEx_48xQqHUDU68jRz0giVXhYrI"
"1","2026/04/15","カケキン ゼンコクキヨウサイ","-1000","横浜銀行","保険","その他保険","","0","MDiYnk8lQFzpU7n1opmtpmNAqmsOViN1Gg1eGaY6p-c"
"1","2026/04/15","オーケー 逗子店/iD","-3318","三井住友カード (VpassID)","食費","食料品","","0","0R_DIeW5KiiPEEjdCSoBTRjShH6xBMexNG_TQwo0rXQ"
"1","2026/04/15","印鑑本舗ドットコム","-3880","三井住友カード (VpassID)","その他","事業経費","","0","6ly9nPmgJCTXYlxvA9H1XSemhB9VmWXs_D0QvNx_3SI"
"1","2026/04/15","ソフトバンクM(03月分)","-3209","三井住友カード (VpassID)","通信費","携帯電話","","0","bzDhK91SIQP1iVPweEPqj0F6lnyFBwEjdNUkFZeBnHg"
"1","2026/04/15","ソフトバンクM(03月分)","-825","三井住友カード (VpassID)","通信費","携帯電話","","0","RA_Gt08Vt4uVEyG78s2ZsaeV9R9J2zOzmMUp97RfJ3A"
"1","2026/04/15","ピ-チアビエ-ション VJA","-25400","三井住友カード (VpassID)","未分類","未分類","","0","zE4f7hOze_VCJurwRupIgaHE8y_no3jQyjvvhxcmbXA"
"1","2026/04/14","日本郵便/iD","-700","三井住友カード (VpassID)","その他","立替","","0","T6tZ8AWyxFoXf6w_-XGKDPqs0k-mZKDUnayHTO0Qsmk"
"1","2026/04/14","振込 ミズホJCBキヤツシユバツク","34","みずほ銀行","収入","その他入金","","0","jUEQiCnTZ2jS7H6eBu1XL7qupCM__NA0mBeE5BCtl9g"
"1","2026/04/13","さとし","6000","PayPay","収入","給与","","0","FcUEysCWlmYGCwSoK4Xk2r8U5gwqPh0_jjk3U1pbK9c"
"1","2026/04/13","割引","197","Amazon.co.jp","収入","その他入金","","0","j8_VJGQIeJ3DzVkLz3Lc8wcPJNneEpE1FN0l9Og5oDs"
"1","2026/04/13","Lightee(ライティー) PREMIUM [医薬部外品] ホワイトニング ハミガキ シトラスティーミント ペースト 歯磨き粉 100g+ミニハミガキ付 【Amazon.co.jp限定】 販売: Amazon.co.jp","-1968","Amazon.co.jp","未分類","未分類","","0","CwbyJViUCeqK0pKMflO-XGrKaHOaVLon_qRBKDRObD8"
"0","2026/04/12","AMAZON.CO.JP","-1771","三井住友カード (VpassID)","教養・教育","書籍","","1","dWCOPp2ydz9i0SaETw-OsH0eDjsVts2uGSzT7ZrGdF0"
"1","2026/04/11","NISHIDA Shohei (Max)","1400","PayPay","未分類","未分類","","0","z353AZnV7UMVO-H-Bg_i-D6YdxmnLVdm-eA56f4zlhw"
"1","2026/04/11","アクサダイレクト 自動車保険 月次","-2520","ポケットカード","保険","その他保険","","0","mTNEqiOHltqF2_8sPAjLsNtdN6rmNjxt9tZ7xEvlxfU"
"1","2026/04/11","iD/コースカベイサイドストアーズ/iD","-1122","三井住友カード (VpassID)","食費","食費","","0","_QeD109Raejes34MALpDJA4DHO-lPsJk_2O_SLMY4tE"
"1","2026/04/11","横須賀HUMAXシネマズ/iD","-500","三井住友カード (VpassID)","趣味・娯楽","映画・音楽・ゲーム","","0","VDpfEx_Q8EnaIs497eX-J2Ru8rD-p1tOandHHzNpYq4"
"1","2026/04/10","povoご利用料金","-704","三井住友カード (VpassID)","通信費","携帯電話","","0","hrqt3F-emUnu3LKLTzO7egucL6yxItxDM8FbdlYGg2w"
"1","2026/04/10","ダイソー/iD","-660","三井住友カード (VpassID)","日用品","日用品","","0","LvzH1sHt3bkAE64siNFcUMj1NdE_DnIA8KAjJdCb5YM"
"1","2026/04/09","PayPay","14476","PayPay","未分類","未分類","","0","dwMLg055EHD96AIGiorjs-Vq55n38mNlmVaCnXNPF98"
"1","2026/04/09","神奈川県葉山町","-32124","PayPay","未分類","未分類","","0","uu9BpALeJ6KmujZoruTF5Df-wbBMT6GTGWymVWRRS24"
"0","2026/04/09","コウザフリカエ ペイペイ チヤ-ジ","14476","PayPay","未分類","未分類","","1","tnM6RuQcymlfPZIjvljeWLPc1-hAmvAduUbmv_Ajvjw"
"0","2026/04/09","コウザフリカエ ペイペイ チヤ-ジ","-14476","横浜銀行","現金・カード","電子マネー","","1","ZpWmpoyS2tusjnQBRlKNCSRZEDDQLxoAaNq43DEASyI"
"0","2026/04/07","コトラソウキン クドウ リク","40893","横浜銀行","未分類","未分類","","1","RVx7xk0cKk2MqYMqrkU2kLBtCDD6y7hBuR9VL4yH2Cs"
"1","2026/04/07","相鉄ローゼン葉山店/iD","-1318","三井住友カード (VpassID)","食費","夜ご飯","","0","-MrN2dI3b2M-Ug4_zM0ZAmb8UdcBaA2owKGsjO924i4"
"0","2026/04/07","ジエイコインペイ","-40893","みずほ銀行","現金・カード","電子マネー","","1","96CZxOg6TG3SqKVbRQ16D2e0MhhATCRA1xQXA6priLo"
"1","2026/04/07","ネツト カ)ビ-ト アイス","-60000","みずほ銀行","住宅","家賃・地代","","0","_HnArhUa_v-J3LitGDxi__7MM9j8yR0JgYcmbRr1njE"
"1","2026/04/07","振込 カ)ビ-ト アイス","100323","みずほ銀行","未分類","未分類","","0","ZCYsTX0ph7J4zBJ47oFrfkOBS6QvQa0CMEBTY_FHX-k"
"1","2026/04/07","さとし","4000","PayPay","収入","給与","","0","bJFen0LBRP-zwPYTbYdmyw856Gf7tx91PC52QduXwA8"
"1","2026/04/07","Yuta","-643","PayPay","食費","食費","","0","QR2ByG3QkTQNZs29GXRHEnDoANn3HNREcldtyF-LTb0"
"1","2026/04/06","コウザフリカエ SMBC(ACサ-ビス","-19000","横浜銀行","その他","返済","","0","gbnOoy8pKAsnUDv88EiZLeADqZJQiC2yKH7f9O6RRog"
"1","2026/04/05","逗葉地域医療センター","-5950","三井住友カード (VpassID)","健康・医療","医療費","","0","98HQxb-bzekS5Fh0jNsSYCntXHJNM-GRbmXzHZL0-JQ"
"1","2026/04/05","X DEVELOPER PLATFORM (DEVELOPER.X.C)","-830","三井住友カード (VpassID)","未分類","未分類","","0","O8tTjktqsj71IWiecg9j4HqfUOex2dvDV8WJqodiDI4"
"1","2026/04/05","APPLE COM BILL","-450","三井住友カード (VpassID)","特別な支出","仕事用","","0","J0zO8jeZmL18wGWNVyG-A6pCXgdZu7BPY0-DCs8wJlo"
"1","2026/04/05","ハルカ","10065","PayPay","収入","立替金","","0","31qSTqAd_3NVo_QjhLGOJHsn78geNqBbbTUwdNApKQk"
"1","2026/04/04","NETFLIX.COM","-890","三井住友カード (VpassID)","趣味・娯楽","映画・音楽・ゲーム","","0","BkcZHVGPmkGYMnT5pvTjSJxZkUDNZDgnrOw5-w0oUGY"
"1","2026/04/04","navey floor","-100","PayPay","食費","食費","","0","AchBA7FNJdtWowl3ptby6e4pjYIEP4c5aLl_n5xJW_4"
"1","2026/04/03","APPLE COM BILL","-3000","三井住友カード (VpassID)","特別な支出","仕事用","","0","Du1g_TIN2amQmYOthuqfbluvrm7kNrgPTWrtaxYramY"
"1","2026/04/02","つだしんご","-1700","PayPay","交際費","交際費","","0","7ylFjQMAGxi4UDyrKQy3SVkYcoN685c0rt3QEnfUH6E"
"1","2026/04/02","ANTHROPIC (ANTHROPIC.COM)","-909","三井住友カード (VpassID)","通信費","情報サービス","","0","27p6eYF6A7vqzHFysdpDS5UbmryIi4ikYRxuBqwTMCM"
"0","2026/04/01","コトラソウキン クドウ リク","5000","横浜銀行","未分類","未分類","","1","Txr0fMdNJzAknXrtlL13BbAyy9yf_FQQt2s-87KMEJs"
"0","2026/04/01","コウザフリカエ ポケツトカ-ド","-5180","横浜銀行","現金・カード","カード引き落とし","","1","GOsWO5OUJ0uQ9IQQdb5jhIzPH0D9CtySOl1Oo-aKq1o"
"1","2026/04/01","CANVA* I04838-34657106 (CANVA.COM )","-1180","三井住友カード (VpassID)","その他","立替","","0","NOK0qK0KxZ9VAd9yPybx1k1jZ3HdOVzmakF_uUvtsgU"
"1","2026/04/01","ANTHROPIC (ANTHROPIC.COM)","-830","三井住友カード (VpassID)","通信費","情報サービス","","0","sRAIdeqzDeY1nP1XS6vbMvkGLfFMrpZmDU0TMOp7Rf8"
"0","2026/04/01","ジエイコインペイ","-5000","みずほ銀行","現金・カード","電子マネー","","1","KaGGs_qju0xIqI9UvQTnIsoyT6bJBBfUjVzNPoD7Gx4"
"1","2026/05/31","タイムズカー","-880","三井住友カード (VpassID)","自動車","駐車場","","0","ceA_b9iHYfx2h1m4KJMGnY0kgyfmVwH-kfNAJJQ90L4"
"1","2026/05/31","髙島屋 - 新宿店","-1728","PayPay","未分類","未分類","","0","V_cktxHP9NJQooPhgDwbMujELFZTxicUiAl_QgeZz_o"
"1","2026/05/31","しんぱち食堂 - 西武新宿店","-1210","PayPay","未分類","未分類","","0","dzyLuBCo_J41XLHBWCNmMV7-O0tIALX9XPD9tp5G2R0"
"1","2026/05/31","AP/ローソン","-686","ポケットカード","食費","食料品","","0","jce5NWUzn4jj9q_dB0k6ZTNVSFhX_a7HxUhm_b1XCl8"
"1","2026/05/31","AP/Suica(携帯決済)","-5000","ポケットカード","現金・カード","電子マネー","","0","6glfo3LALvEzKCxjjgo7IPm8dJARedw0BilzTqp3SNc"
"1","2026/05/30","FELICITY - FELICITY","-600","PayPay","未分類","未分類","","0","WU7Ou-HQsMKDQ7ROQzaBv3xl-BPhWGYgmOy_pCswW9I"
"1","2026/05/30","AP/フアミリーマートハヤママチ","-463","ポケットカード","食費","食料品","","0","8WmoBVLsVnaioOOHBQZa2kcwmOVoh_xnneiJhcrCub8"
"1","2026/05/29","コスモ石油 - セルフ葉山","-15000","PayPay","未分類","未分類","","0","hKNZf9DeIMzLUx-1-ZDXU-_a5uSt8kFd3H_L-fHx-Fs"
"1","2026/05/29","コスモ石油 - セルフ葉山","13495","PayPay","未分類","未分類","","0","fJN5N4owGS0DFEh37EHEXj8-iG5wx_fwEW8bTClYgLY"
"1","2026/05/29","カ)ガイアツクス","68750","横浜銀行","未分類","未分類","","0","tGX059FRxuhDP83X9i7sEchSHBxtp5aMBJ9UYwYe1gM"
"1","2026/05/29","AP/羽田イノベーションシティ駐輪場","-400","ポケットカード","自動車","駐車場","","0","LLv_OHpzcE25nUkLAwhNnT0WCMPUaaXal4XD5tU91vY"
"1","2026/05/28","BUTAKIN - 歌舞伎町店","-1300","PayPay","未分類","未分類","","0","P-Oc4skCL5shKM-gL8ZJjI5sEujoo03rL2KMJ016FS4"
"1","2026/05/27","ACサ-ビスセンタ-","135000","横浜銀行","未分類","未分類","","0","RtLxli65qcYjLnIfyvsrwRBPTKp-z0v1hMdM948pH-w"
"1","2026/05/27","コウザフリカエ ニホンガクセイシエンキ","-4949","横浜銀行","その他","返済","","0","fzAEEmmL9aLz2hZTgiZLJZJh-UiPn2dvgAuvJ1R17Dg"
"1","2026/05/27","ゴヘンサイ","-12916","横浜銀行","その他","返済","","0","XnHR2xAG3wbAQrRPI_VVIL9yvg2_70Uk3Z8NjuLRO7c"
"1","2026/05/27","テスウリヨウ","-154","横浜銀行","その他","雑費","","0","mEiKW_OX82oCIONMOS1dQQjJerFykkmu7Tq4Tkj4EpM"
"0","2026/05/27","インタ-ネツト クドウ リク","-3000","横浜銀行","その他","返済","","1","xhFt2qzpWa7YTDAkTL5mu18QNeLPaV3q8W_9LuF2UB0"
"1","2026/05/27","povoご利用料金","-250","三井住友カード (VpassID)","通信費","携帯電話","","0","jmZIEh6qgRT3B_g2ROy9d25XVf8-RphgTdxwyl8frUo"
"1","2026/05/27","Square/iD","-710","三井住友カード (VpassID)","その他","立替","","0","knDPv2woJ3xenkWfdiVCD0YBL3pyIvDtx6KaPJJt-XA"
"1","2026/05/27","デジスマ 下北沢メンタルケアクリニック","-3090","三井住友カード (VpassID)","健康・医療","医療費","","0","V3-RUyUpH2Vt5QaAZLzjNAv4BrUIFWFFyIqw91sNf0Y"
"1","2026/05/27","OPENAI (OPENAI.COM )","-908","三井住友カード (VpassID)","通信費","情報サービス","","0","lLT-5F0vNPZvcSqEk4PQ2fGEfQalCvesXWiC5kaUqFM"
"1","2026/05/27","CLOUDFLARE","-911","ポケットカード","未分類","未分類","","0","Oyxfam_EfgF84cXch-_U3Sv8m84L4gXJpbLezJaZlDc"
"1","2026/05/26","さとし","14000","PayPay","収入","給与","","0","QxIeYKcXw1nMcJgUL7805qAt873O0GGkGkbxIuuoOGo"
"1","2026/05/26","ピアスコアガクフストア","-298","三井住友カード (VpassID)","未分類","未分類","","0","KFKyWne2urpJkijIKc-ooYh09oLlVH3Yu7CSnNP6rMU"
"1","2026/05/25","X CORP. PAID FEATURES (ABOUT.X.COM )","-344","三井住友カード (VpassID)","通信費","情報サービス","","0","oHB0xIPNWL8F2clzUke_JFWYI3KJHstvURk4gAmV4to"
"1","2026/05/25","セブン-イレブン/iD","-520","三井住友カード (VpassID)","食費","食料品","","0","neqNwSopfaeViT6amokhCDyNLo-7mP7I7_2Q0gqhlyE"
"1","2026/05/24","ドン・キホーテ新宿歌舞伎町店/iD","-430","三井住友カード (VpassID)","日用品","日用品","","0","d2JSWir7WcM0D0SywGJJecNnz3WRPPfQIgFZYTc_X00"
"1","2026/05/24","APPLE COM BILL","-590","三井住友カード (VpassID)","特別な支出","仕事用","","0","7j5i29fsUq9xz9ehYZ-kWr5mKIXjAmiT-CTgFfWY9hg"
"1","2026/05/24","NewDays/iD","-108","三井住友カード (VpassID)","食費","食費","","0","rdjG8Ojnj-_KMBfe_FypFXW3ErZCGQ6l74SroeGHxTk"
"1","2026/05/24","ファミリーマート/iD","-321","三井住友カード (VpassID)","食費","食料品","","0","cwUwSoDbWCrgWKLdWPH83IDTrF6v1Kon4SULWAUnVV8"
"1","2026/05/24","モバイルSuica(AppleV)●","-5000","三井住友カード (VpassID)","交通費","電車","","0","yQg1w78zGTXAEUWsnhCCLD4BAPRAvTwI4Fpk0I8U9rc"
"1","2026/05/23","TWITTERAPI.IO (TWITTERAPI.IO)","-1650","三井住友カード (VpassID)","未分類","未分類","","0","500a_4Zqaf1-rjsCeU2msfn1oklyAX4wOG0J4hSfg1Q"
"1","2026/05/22","モバイルSuica(AppleV)●","-5000","三井住友カード (VpassID)","交通費","電車","","0","qpLimgC8GFbQ22085DMx1slKTuDTOXBZ-LTerDLLXO8"
"1","2026/05/21","さとし","16450","PayPay","収入","給与","","0","uEJqN-kXnZVeZvLEQMEd8YM1BcwvFz-hPfPN9Adpjn0"
"1","2026/05/21","NewDays/iD","-235","三井住友カード (VpassID)","食費","食費","","0","HNGyywF3MVFCHCb5t_PRX37QgqzVdwJ6Tzi_HGqyFSA"
"1","2026/05/21","ローソン/iD","-743","三井住友カード (VpassID)","食費","食料品","","0","GuXq5Gwp38yN7FvG1jz4WIy6qf0x0dROLIVOV9UPwNs"
"1","2026/05/21","ローソン/iD","-330","三井住友カード (VpassID)","食費","食料品","","0","_Crmozo3N7gQX1XvtqCxRd9FD1NYbTEBf8HCAgoOylQ"
"1","2026/05/20","インタ-ネツト PE DFACネツトフリコミ","-50000","横浜銀行","特別な支出","返済","","0","y2WQgOgvujJVruOm7W8XkVRIgm6Vu0KjoaRvuWGWViI"
"1","2026/05/20","すき家/iD","-650","三井住友カード (VpassID)","食費","外食","","0","ZcpgzKEh7_UpDDcn0H8F9-gm2VlXtp6HglutgY43X00"
"1","2026/05/19","さとし","9250","PayPay","収入","給与","","0","2iH4Cx5JPELyE1zJzQr2dLZWDts157P0tH7Zs3W3PMo"
"1","2026/05/19","レンズオフ(株式会社パレンテ)","-2842","三井住友カード (VpassID)","日用品","日用品","","0","xsff5tp4DcYwulWssBzxDRvlpzpQMsB9vqxM1l5HiDE"
"1","2026/05/19","CLAUDE.AI SUBSCRIPTION (ANTHROPIC.COM)","-18135","三井住友カード (VpassID)","通信費","情報サービス","","0","4N6DoDIT5U7qCIZYTNgZngR4sRAUqADw1K9LkwC85u8"
"1","2026/05/18","マクドナルド/iD","-650","三井住友カード (VpassID)","食費","外食","","0","UsQDU-tJl67pQ1Kzo8uobXAVUtZ5kFKRaZ_jgEUT_94"
"1","2026/05/18","セブン-イレブン/iD","-316","三井住友カード (VpassID)","食費","食料品","","0","OcyDo8CAFnkSnr4tH0TQd0nEUMA9s1uo3qSJcMAjqTU"
"1","2026/05/17","ドン・キホーテ新宿歌舞伎町店/iD","-430","三井住友カード (VpassID)","日用品","日用品","","0","pQryLUMMnIKxjEhhauvsjcvKcsJDqikJl_Kd1F5EzDM"
"1","2026/05/17","松屋 亀戸店/iD","-490","三井住友カード (VpassID)","食費","食費","","0","XHTGvyYQ-T8xf0toss-GJVseH7rmUM7JvnV7ODKIwek"
"1","2026/05/17","ワッツ 三平ストア新宿店/iD","-770","三井住友カード (VpassID)","未分類","未分類","","0","3tdUTEWx2DYjhDafEEMQqJH_ON2X89Ux9PfDexvORBI"
"1","2026/05/17","ローソン/iD","-268","三井住友カード (VpassID)","食費","食料品","","0","y8D6-jy6gMGKQEjcgpJiHL3N2gP319zmbRj8-gJl9dQ"
"1","2026/05/17","モバイルSuica(AppleV)●","-5000","三井住友カード (VpassID)","交通費","電車","","0","hOhjjQsVgtkOsnI_1vlO1X3PAoAhbL9Hd3FZCMvQuOw"
"1","2026/05/17","三平ストア新宿店","-386","三井住友カード (VpassID)","未分類","未分類","","0","JyVq_tD99DNYyVo5CrrRV9fulRGmpCd617VUJYYdqs4"
"1","2026/05/16","ドン・キホーテ新宿歌舞伎町店/iD","-430","三井住友カード (VpassID)","日用品","日用品","","0","_uRHtfSNQWMDuuJcoebO-WEBDIDEgGfLlRbFhLafCTA"
"1","2026/05/16","ローソン/iD","-345","三井住友カード (VpassID)","食費","食料品","","0","zbcdJwsiFblgKbkmH0wXX4oZQ04JXqAskO48F-YWqiU"
"1","2026/05/15","振込 ミズホJCBキヤツシユバツク","4","みずほ銀行","収入","その他入金","","0","2mOPdopqSAoSZcHUX22eL8nM3UNCdxgfBJwMirOrY1c"
"1","2026/05/15","カケキン ゼンコクキヨウサイ","-1000","横浜銀行","保険","その他保険","","0","oEo8r0Mv67S4t5zMr8NZ-sgco9fKadH9ppfaxr5N0x0"
"1","2026/05/15","ワッツ 三平ストア新宿店/iD","-883","三井住友カード (VpassID)","未分類","未分類","","0","YxHFwtK_ZH_6xyNmCoryIjadGQeoprl2LJBIKlQtiqc"
"1","2026/05/15","ローソン/iD","-646","三井住友カード (VpassID)","食費","食料品","","0","6i-mtlrYqiUGuxRQq7ORB4Fu4bug_S1hhrpzDbwKnJk"
"1","2026/05/15","ローソン/iD","-686","三井住友カード (VpassID)","食費","食料品","","0","D01OevuAOblBM63h6jJXp8IA0ZuRGYGOYQLFPEdbF8A"
"1","2026/05/15","ソフトバンクM(04月分)","-825","三井住友カード (VpassID)","通信費","携帯電話","","0","QK4Up257JYjNl_3_ZbS1esJeI8EwuW6ZWtHM1aszumY"
"1","2026/05/15","ナギちゃんラ-メン/iD","-1100","三井住友カード (VpassID)","食費","外食","","0","fdSEQkdEx8Sqr73Zt2TR3QqSFF77kYyZJVPmJADT7gA"
"1","2026/05/14","ドン・キホーテ新宿歌舞伎町店/iD","-430","三井住友カード (VpassID)","日用品","日用品","","0","yHh6yc_68mMkdKoUblejyQ9OODVJ3gFKl6CnERaSZ04"
"1","2026/05/14","NewDays/iD","-171","三井住友カード (VpassID)","食費","食費","","0","SlvEvFIE4bIfmb8kqrk4inH9pEQUOE0-suSprUdVBHM"
"1","2026/05/14","ローソン/iD","-399","三井住友カード (VpassID)","食費","食料品","","0","ny75OR_tSD45PExfNhtPWqe3-2LJsXTa5bTVHRuII9I"
"1","2026/05/14","アクセア","-4400","三井住友カード (VpassID)","未分類","未分類","","0","UH-_eiV-FZ0kuXmz5ZLL4F7BRrF41wgE605cAvVPqho"
"1","2026/05/14","快活CLUB新宿歌舞伎町店/iD","-1370","三井住友カード (VpassID)","未分類","未分類","","0","Xm6RAqqtjeCjkT_f54lCA4x1A-viZeDBntOVtchNWQU"
"1","2026/05/14","モバイルSuica(AppleV)●","-5000","三井住友カード (VpassID)","交通費","電車","","0","TAJFX8Lv_K8ZPycSi8ib1Gyc7B67xAtPdew2eYnv4JQ"
"1","2026/05/13","povoご利用料金","-2780","三井住友カード (VpassID)","通信費","携帯電話","","0","US4hDVEuy5yspWBzHndoORwamlSi_irbRXe85tc5niQ"
"1","2026/05/13","セブン-イレブン/iD","-311","三井住友カード (VpassID)","食費","食料品","","0","tRLvxGV-Pl4wQ5wxgzdDO0PrrtNVwwIqtu7d9QWEQE8"
"1","2026/05/13","セブン-イレブン/iD","-140","三井住友カード (VpassID)","食費","食料品","","0","_UWm-l1n2QaoMRAA9io3C87D9mP1GmzCFs4CBZD3EjM"
"1","2026/05/13","セブン-イレブン/iD","-367","三井住友カード (VpassID)","食費","食料品","","0","sIWRFNJc6Ua7CvandnimNmW-918-zucJRAo2zhEnJzc"
"1","2026/05/12","PayPay","1000","PayPay","未分類","未分類","","0","0P6BJmU1qZaZiepWSRyaWz8S6nW_RiM8DWwKln1NVZo"
"1","2026/05/12","ＴＳＬ","-11000","PayPay","未分類","未分類","","0","hSeFRpz7fyVdjItIkdRO3oN47wFHJv0Jkxx6k_IOVnk"
"0","2026/05/12","コウザフリカエ ペイペイ チヤ-ジ","1000","PayPay","未分類","未分類","","1","I1AB8ghoe8YeEY4ZwAVu14Fo9kwJ6_GHkVNNWKn_xTA"
"0","2026/05/12","コウザフリカエ ペイペイ チヤ-ジ","-1000","横浜銀行","現金・カード","電子マネー","","1","jzcGDtj9fY6MdG5BOtV7Bj7_TYLaMsFN5M1joY69PAw"
"1","2026/05/12","シヨクギヨウアンテイキヨク 2026120106000156520220260512","118026","横浜銀行","未分類","未分類","","0","4bWzQNFZDYDZ5vlJM_i42X37-hZ5IMdYLVsdcs_zRNk"
"1","2026/05/12","ステ―シヨンワ―ク","-990","三井住友カード (VpassID)","未分類","未分類","","0","__7zla9JTmV43Z5yVaThHruoUC_UDqz-mqIMmw_60Ik"
"1","2026/05/12","povoご利用料金","-250","三井住友カード (VpassID)","通信費","携帯電話","","0","p0JcUhEpct3DOBfeveuHS651vqfoZLbfY1iGiyo_754"
"1","2026/05/12","1201マツモトキヨシ亀戸駅前店/iD","-163","三井住友カード (VpassID)","日用品","ドラッグストア","","0","rJ5M7gIUl7JcOJP5yUQ4PAEg8vGyz6E1CSGSrJz8SyU"
"1","2026/05/12","マクドナルド/iD","-140","三井住友カード (VpassID)","食費","外食","","0","fpAb4Y0V1GQGPSB07oLjfyzWF8VHKD6yl6rmak05oyQ"
"1","2026/05/12","ローソン/iD","-220","三井住友カード (VpassID)","食費","食料品","","0","kfdRRJcIR98mN1kGAgkLthOrl8T6aOLOB1CgATbXld4"
"1","2026/05/11","割引","195","Amazon.co.jp","収入","その他入金","","0","S1vyrFW0FAv0Ltp5jFu-ibTBjysQDDbFFH_kbeCzg1Y"
"1","2026/05/11","【業務用 大容量】 ソフラン プレミアム消臭 フローラルアロマの香り 4L 詰め替え 液体 柔軟剤 部屋干し 抗菌 消臭 販売: Amazon.co.jp","-1949","Amazon.co.jp","未分類","未分類","","0","W-Lsg6sOqawzHvbV09m5L9yI97RRLo1F3WrU8Vm6a4s"
"1","2026/05/11","吉野家亀戸駅前/iD","-498","三井住友カード (VpassID)","食費","外食","","0","scbCZt_7nPvNC1PIiDY0Rhu2bw5DppO3a5zqwfH5CpA"
"1","2026/05/11","BOPLUS 横浜伊勢佐木モール/iD","-1265","三井住友カード (VpassID)","日用品","日用品","","0","2S4UAvMFcV7L9i8AbcbPE-olk8r3BRAnZzx33FxkV-Q"
"1","2026/05/11","ベローチェ 伊勢佐木町店/iD","-300","三井住友カード (VpassID)","食費","カフェ","","0","YWsG-MXcTd9p4tE3-49aiHfzMnhOPn4jRXvCynmdf1s"
"1","2026/05/11","セブン-イレブン/iD","-462","三井住友カード (VpassID)","食費","食料品","","0","29qgGjxzidUTx4xW0qqnwXCyHUf9hnLz44S7UXLjK8s"
"1","2026/05/11","ジーユー/NFC","-2260","三井住友カード (VpassID)","衣服・美容","衣服","","0","nqEir3atSTLsBFqZ15StNUgTNRIQT90aFdiM2gYg03s"
"1","2026/05/11","アクサダイレクト 自動車保険 月次","-2520","ポケットカード","保険","その他保険","","0","pzqIWQSQZTjkFGl3tthiMpj9gRgACSQYWKFSbfbXytg"
"1","2026/05/10","ガーデン - 壱角家　新宿中央東口店","-1000","PayPay","未分類","未分類","","0","JxABN6U72P1PhzQcazRIa6auMFInLHgYgWBDWtClJ5c"
"1","2026/05/10","povoご利用料金","-594","三井住友カード (VpassID)","通信費","携帯電話","","0","cF5_7jiovEbmNOLYtRp8PVWI5WIsJk08pq8z0Cgzro4"
"1","2026/05/10","ローソン/iD","-686","三井住友カード (VpassID)","食費","食料品","","0","T1wiHSm_0M-3nMABFoqPKIjxnT5sG1iaQMqP-M0cMx0"
"1","2026/05/10","ローソン/iD","-559","三井住友カード (VpassID)","食費","食料品","","0","mW_Gqrs9cv_Wh1VYD-o7Ktbdhqu5Zqf4zpsjD-_PKLQ"
"1","2026/05/10","ローソン/iD","-665","三井住友カード (VpassID)","食費","食料品","","0","iCrIs-NidOzkwh1JsWV_95EhG4UOIcgMotFrbmqEP3k"
"0","2026/05/10","AMAZON.CO.JP","-1754","三井住友カード (VpassID)","教養・教育","書籍","","1","6vejaAzH3hFrj0LWPUFcq37iPrD38R3H2UYdxdp5qDY"
"1","2026/05/10","株式会社Luup","-370","ポケットカード","交通費","その他交通費","","0","xsECYUuZoDQlPLLXlcJb_HZIC5whKKR7mltWfAy8jBI"
"1","2026/05/09","さとし","6000","PayPay","収入","給与","","0","tBEPAdoJN16on_iGEpYese0ooJoRWR0uETFIWgggSIo"
"1","2026/05/09","はなまるうどん新宿東口モア街店/iD","-610","三井住友カード (VpassID)","食費","外食","","0","TxVtl9KgD_Xt9_ALcgbq8J1k57te367G4WaaxJ6PVaM"
"1","2026/05/09","モバイルSuica(AppleV)●","-5000","三井住友カード (VpassID)","交通費","電車","","0","YIQEpOUjnGFtnZQNJ9_VoQ8lxpScglz9XpFBS5PT4WA"
"1","2026/05/09","三平ストア新宿店","-734","三井住友カード (VpassID)","未分類","未分類","","0","QYjSnULizpRN1bdTg_ztwaRGWo0BXqnS4t28aQr5S9M"
"1","2026/05/08","さとし","4550","PayPay","収入","給与","","0","jIYH_oeKLMX80SaODmWbw-IGu9c5EdJr_vVBGfP43IQ"
"1","2026/05/08","ハヤマステーション","-399","三井住友カード (VpassID)","未分類","未分類","","0","7mt4HGeKHUdTwawGwx1u4EwB8TfY7jjayDQS6Fjcxpw"
"1","2026/05/08","ChargeSPOT","-430","三井住友カード (VpassID)","未分類","未分類","","0","XI6I16JNNYjKRN3IessyUQ9kb8135suxt-YwGgYPkB4"
"1","2026/05/07","割引","246","Amazon.co.jp","収入","その他入金","","0","8ldtsJV1FKiAEVBpBLBCUsKmjuPzI0eMMEVgCbC2XCU"
"1","2026/05/07","【大容量】ワイドハイター EXパワー洗剤にちょい足しで、汚れ・ニオイの元をはがしとる!おしゃれ着・赤ちゃん服にもOK!詰替用2400ml 販売: Amazon.co.jp","-1227","Amazon.co.jp","衣服・美容","衣服","","0","j4a1vEilOeOqRgEKgpo66R8vgh9ugdOpeBMhbmLMlPo"
"1","2026/05/07","ハイロジック 扉用丁番 仙徳蝶番 89mm 072608 2枚入 販売: Amazon.co.jp","-721","Amazon.co.jp","未分類","未分類","","0","bwdt-bRpude4-BL9EQmNdDDlC1PCdWIfFyiwBqYne7M"
"1","2026/05/07","コウザフリカエ SMBC(ACサ-ビス","-18000","横浜銀行","その他","返済","","0","od6hi92AFav29llmASe-Bm73rzHFG__P25Oci8dCFBQ"
"1","2026/05/07","ドン・キホーテ新宿歌舞伎町店/iD","-430","三井住友カード (VpassID)","日用品","日用品","","0","uw68EpjsbnNDUg40G1kbhBeSpLJGuZFxwCaIfYQc898"
"1","2026/05/07","ヨドバシカメラ 新宿東口店","-2158","三井住友カード (VpassID)","日用品","日用品","","0","gGPSr18J8ckBO6wzb9LTm0_BcXx5dzVx7QtikCh4_jA"
"1","2026/05/07","モバイルSuica(AppleV)●","-2000","三井住友カード (VpassID)","交通費","電車","","0","5kPrbCCCW8Dvk8AA0DXKd9WtMz7de7pMtLMvzZhjl_Y"
"1","2026/05/06","アクセア","-4400","三井住友カード (VpassID)","未分類","未分類","","0","QjIF6sTCIPxakHhse9d5ystXjN2ci9QaQwAa0SPlWyU"
"0","2026/05/06","AMAZON.CO.JP","-981","三井住友カード (VpassID)","教養・教育","書籍","","1","8a9yrJEs0mj-N0zSVB2bLbybMJDUjGJIc0J0VfAO5i8"
"1","2026/05/05","ヒカル","-2246","PayPay","未分類","未分類","","0","9xIMcMlh9pN_Ev7KpfI4CB19-QHD8qYF812j_lwgd0s"
"1","2026/05/05","APPLE COM BILL","-450","三井住友カード (VpassID)","特別な支出","仕事用","","0","w4FyMi2QsLSSGZvWebUybMVMcUiXErwhw4X6pLA8FpI"
"0","2026/05/05","AMAZON.CO.JP","-721","三井住友カード (VpassID)","教養・教育","書籍","","1","1xOMXISJ0g_bbnPHDeOLd_XaRXhrR7Tu94VVV6ss9sc"
"1","2026/05/04","ネットフリックス","-890","三井住友カード (VpassID)","趣味・娯楽","映画・音楽・ゲーム","","0","ukFDqxzxyQeqAJxn6AhG1QLMfL2KQwUXJuouDmqXoEc"
"1","2026/05/03","メルカリ","-2500","三井住友カード (VpassID)","特別な支出","仕事用","","0","p6xfIQQ8Yb9Yp89_mbzmESYF1mKCrsiyQ2jHO_jjO-4"
"1","2026/05/03","APPLE COM BILL","-3590","三井住友カード (VpassID)","特別な支出","仕事用","","0","2ArPAGqFnKqWBFZSt-lxh9x1oLCOmPHOJsszgB9S-yQ"
"1","2026/05/02","maimuna","650","PayPay","未分類","未分類","","0","CJXA3FvL8h2zoEIaYH6AYMhn6cl9c5xTQIs8M5YzWB8"
"1","2026/05/02","快活CLUB新宿歌舞伎町店/iD","-3020","三井住友カード (VpassID)","未分類","未分類","","0","QqXErmKPU8JNSjn2x2c9qHmRupSlZnQGJhf526_0R0E"
"1","2026/05/01","キャンディハウス(Candy House) セサミ5 Pro スマートロック ブラック 後付け型 ブラシレスモーター搭載 静音 玄関 オートロック 販売: Amazon.co.jp","-6783","Amazon.co.jp","未分類","未分類","","0","c12WG9qKBlVTmmR_GwfZbpqbkDN6NwSBoIYE-GoHk7s"
"1","2026/05/01","SESAME 5 Pro セサミ 5 Pro用 引き戸 めしあわせ錠 変換 アタッチメント アダプター| スマートロック 販売: Bilderberg","-3280","Amazon.co.jp","未分類","未分類","","0","dK9LkzSeojL59AP6KoDBwE-rYy7f1f9fWqb71DPdqZE"
"1","2026/05/01","インタ-ネツト カ)ビ-ト アイス","-60000","横浜銀行","住宅","家賃・地代","","0","e8yiIjuceJxQHA4Ad6Ndx1hxJKjAp7n2o-9h9qzxwq0"
"0","2026/05/01","コウザフリカエ ポケツトカ-ド","-2650","横浜銀行","現金・カード","カード引き落とし","","1","0XfjQbPsVdXq44nzNwv437doG5Tcam1hGZjZgoGEEik"
"1","2026/05/01","ハヤママチキユウフキン","6000","横浜銀行","未分類","未分類","","0","rMVfXIYuWruTVHljOOBnjG7doYwWmISMQ6zLkSzadw4"
"1","2026/05/01","ノート","-500","三井住友カード (VpassID)","未分類","未分類","","0","eh9zMGuCUHpCTAULAoH00C-IeJBnXf2-aBlFLPeyDB0"
"1","2026/06/13","そうてつローゼン葉山店 - そうてつローゼン葉山店","-537","PayPay","食費","食費","","0","SBFJl-7WhjLsbarv1JQpX8bxerYHjc7rpxaCjWcajCU"
"1","2026/06/13","そうてつローゼン葉山店 - そうてつローゼン葉山店","-1661","PayPay","食費","食費","","0","cFY4fmolJVAuFLZNG1CIpXpsUiqiNYQDt_e-LcrFCu4"
"1","2026/06/12","＊クイツクペイリヨウ","-278","みずほJCBデビット","食費","食費","","0","rOFfGye0-xC_nLTlCqWRw2e2H2lLou8KUUwSALOLQkI"
"1","2026/06/11","ANTHROPIC","-2749","三井住友カード (VpassID)","通信費","情報サービス","","0","PJglOFvmaPOIhw0Xc0NyGeAuFNgvhCtPiR7hceoV69I"
"1","2026/06/11","ANTHROPIC","-2762","三井住友カード (VpassID)","通信費","情報サービス","","0","3dI68Mu4oE5BBldggOiggXGvS_Qq3PwoJXiKB6kL5xE"
"1","2026/06/11","＊ブタキンカブキチヨウテン","-1200","みずほJCBデビット","未分類","未分類","","0","PdaO6r9u2qyi3q3cwxuYSDehyik2JnokH2sb8LqYLiY"
"1","2026/06/11","＊クイツクペイリヨウ","-559","みずほJCBデビット","食費","食費","","0","dRpmLktVz6dTxRXdXg7K4pibSmPSv0rQGZPKeb_oykE"
"1","2026/06/11","＊ニホンマクドナルド（カ","-190","みずほJCBデビット","食費","外食","","0","VS23J6zfiI7Y6ZXPEf9PwX4_j-mlUM7mfcyQlMnmr4k"
"1","2026/06/10","ダイドードリンコ","-120","PayPay","未分類","未分類","","0","Chm4Jhyjgw1FGJtAbbuhTIslTPKIrzSfHVvAdUX1J_k"
"1","2026/06/10","京王高尾山温泉 - 京王高尾山温泉","-1100","PayPay","未分類","未分類","","0","yFprZoKYB77ejdb4luQhdUkfHsdLfTG5VXA3xZnw_UI"
"1","2026/06/10","たまの里 - 京王高尾山温泉　極楽湯","-750","PayPay","未分類","未分類","","0","PcewRDk8veZ8dwgW9uOJheUWCS-hv94lhLtw94ASpqM"
"1","2026/06/10","モバイルSuica(AppleV)●","-5000","三井住友カード (VpassID)","交通費","電車","","0","of5PcLubRI3bolOuWNnxjg78hyhXdSYrqi0uz3io-bc"
"1","2026/06/10","フアミリ－マ－トシユウエイタカオエキキタ","-941","みずほJCBデビット","食費","食費","","0","m143p0wVTIRNx4tE6CTeuxjmdgATaTDZKktlU6BuQb0"
"0","2026/06/10","JCBデビット","-941","みずほ銀行","現金・カード","カード引き落とし","","1","AGk1BwMH4fjgOfULRu-36qW1jEXekgl-9N4qUntOWqQ"
"1","2026/06/10","ビ-ワイシ-ブリユ-イング(カ","15123","横浜銀行","未分類","未分類","","0","wq9aTBZtKCR_Wlxhecn3QmVV9RxfmD6RlhlYuI22P9E"
"0","2026/06/09","JCBデビット","-258","みずほ銀行","現金・カード","カード引き落とし","","1","uqOTlPrRy1gR3KZtloubqvaUN2zvfN6xjIJ46hdK8Os"
"1","2026/06/09","PAYPAY","112234","横浜銀行","未分類","未分類","","0","MlIqzn83z0rhvN-yUgmBfZWmlJnz9Fl-p8eQ9Behq5g"
"1","2026/06/09","フアミリ－マ－トハヤママチ","-258","みずほJCBデビット","食費","食費","","0","EC5JM36qlFVKkl-Rh9xwVwy3zxDC88yTtjen5zinxbg"
"1","2026/06/08","コウザフリカエ SMBC(ACサ-ビス","-18000","横浜銀行","その他","返済","","0","FAhbEc-LiTMhC77wypw5lFfGaTRr9_OMFU6ggb-WsxY"
"0","2026/06/07","JCBデビット","-490","みずほ銀行","現金・カード","カード引き落とし","","1","lrPuH-epbFXkAvh1PYBJ8Jtl_u5tsL55mTwosu2bM1Y"
"0","2026/06/07","JCBデビット","-278","みずほ銀行","現金・カード","カード引き落とし","","1","1IAKPIEAHbYFVKs4Z3v3EGONw9YGVl50D78qVNOoAPE"
"1","2026/06/07","ANTHROPIC","-2762","三井住友カード (VpassID)","通信費","情報サービス","","0","hB5gAIBkmVvztFMqvhFpXLcxsnw9b1mi1qbE5kNar-s"
"1","2026/06/07","松屋","-490","みずほJCBデビット","食費","食費","","0","KYoF5FDFrei5qpFr8Xi881L6miiASNwm0VXcC9o4iAo"
"1","2026/06/07","","-650","現金","食費","食費","","0","vr32yDy0zNW9KtxTXQ0jO4Mw2bqwFmXyk4jBPBZgzaU"
"0","2026/06/06","JCBデビット","-545","みずほ銀行","現金・カード","カード引き落とし","","1","3ez4BRdpo8MvPYPEhBqCjKcweTPYo9IQ_CUznxFoolc"
"0","2026/06/06","JCBデビット","-430","みずほ銀行","現金・カード","カード引き落とし","","1","WUqYpJdA722t6GBH94U1icuiT_--YMyhRIdmWljSMwY"
"1","2026/06/06","ローソン　カブキチヨウ１チヨウメ","-545","みずほJCBデビット","食費","食費","","0","goLZru-eGVbhulNbVgFAyYPrj2KTpFa9oGXV1yV3usY"
"1","2026/06/06","フアミリ－マ－トハヤママチ","-278","みずほJCBデビット","食費","食費","","0","F2nX0pKI4EU_OXIZIjPzBpjPMdSAYKQs-38O-tTXPdM"
"1","2026/06/06","インタ-ネツト PE DFACネツトフリコミ","-135000","横浜銀行","特別な支出","返済","","0","HKE2nbF2deEGPmtwIEa-zzxIhjHmGXwa_kf-VnuKZ4k"
"1","2026/06/06","","-440","現金","自動車","駐車場","","0","kRO219_hETXQNrVWCnFpQ3Pwg2MHqjdsKQKHUqZZn6s"
"1","2026/06/06","","-390","現金","食費","食費","","0","mEtjrNa4vd8EblFTPhI2_n3nYXZ9QJnKh1PvG5_EarA"
"1","2026/06/06","ドン・キホーテ新宿歌舞伎町店","-430","みずほJCBデビット","日用品","日用品","","0","O1XbbVaOEQFtXLpylvlKgTsW1dntEo1M2yW0Ww1Tyxc"
"1","2026/06/06","支出（不明）","-56263","PayPay","現金・カード","使途不明金","","0","0Jb46qD4IInmju-yi-_0fM1evqS9K0siTPmhKKxV6wQ"
"1","2026/06/06","支出（不明）","-432405","現金","現金・カード","使途不明金","","0","lUnzuDBKwhxrFZGHp1q4JNQdTQUlh87cUZwTObm7Mj8"
"1","2026/06/05","横浜銀行 *****54","-112334","PayPay","未分類","未分類","","0","NWSXDX9S8gGSI8wnt6gC77VlBiUw56R803wrTi0PTz4"
"1","2026/06/05","APPLE COM BILL","-450","三井住友カード (VpassID)","特別な支出","仕事用","","0","1h7_7ybj211EfhO0nEjcKf96lw6XJIoYAPFVln3ZKOE"
"1","2026/06/05","ファミリーマート/iD","-398","三井住友カード (VpassID)","食費","食料品","","0","fhJhRoomqxXC_5RIGMpKkU-MBXLZVX4AybZ4auZepMU"
"1","2026/06/05","モバイルSuica(AppleV)●","-5000","三井住友カード (VpassID)","交通費","電車","","0","cUSNvhs2Zs-6m-Epily3-i9a9BYvzwqEydPTIKs7fLo"
"1","2026/06/05","","-1500","現金","自動車","駐車場","","0","UqlCsPviMfEllHrwc0Gevymo9lem4Wjtl-rZ3VC6DzM"
"0","2026/06/05","ネツト クドウ リク","183181","現金","未分類","未分類","","1","eCf7GJb_eO1oZjaRWnZLKgPc3gKuBz_8Qadhl7U7Nj8"
"0","2026/06/05","JCBデビット","-680","みずほ銀行","現金・カード","カード引き落とし","","1","pv4mn0YDQc_4T5rad9UNZC1g_6QvZJ0vcE_qcsy_b2s"
"0","2026/06/05","ネツト クドウ リク","-183181","みずほ銀行","未分類","未分類","","1","PmvM41KsIew8v0TTBJK2DwoXij_i_ChJFAFB0cdcA3w"
"1","2026/06/05","振込 カ)ビ-ト アイス","213143","みずほ銀行","未分類","未分類","","0","URxz3zEAufQGg9b6Pbus6GL0DfPF5_93_8mnLTiGU_0"
"0","2026/06/05","クドウ リク","183181","横浜銀行","収入","その他入金","","1","fybdHhZ2dsx8wbIFdPVOYnyZKln8FFL_B6yn2pnifrg"
"1","2026/06/05","日高屋新宿靖国通店","-680","みずほJCBデビット","食費","外食","","0","30T6RtyDQhj7OFVjHqhlrSNNlf-jqtMdsZVpSi-8H8U"
"1","2026/06/04","さとし","77777","PayPay","収入","給与","","0","jkBSt9WjPeRsdcQnDmZrM5U1YuRYNwI4g-gFpwh0Q1w"
"1","2026/06/04","ローソン/iD","-686","三井住友カード (VpassID)","食費","食料品","","0","L6nRHJsYXvipZ4aVVCioelXvIVn-NE_ABJ9nnkPDzpk"
"1","2026/06/04","NETFLIX.COM","-890","三井住友カード (VpassID)","趣味・娯楽","映画・音楽・ゲーム","","0","ej7nzz0HCZuYbUDTln1sMmrTrvZH0z1zaf-czprecec"
"1","2026/06/04","セブン-イレブン/iD","-959","三井住友カード (VpassID)","食費","食料品","","0","3IkgKEFelbr2GfNkW5iQD--OtCcgd8Ej1wEOQksU8ig"
"1","2026/06/04","さとし","77777","PayPay","収入","給与","","0","Mqqkf3nIfeHqhER5O6uW3a67nbdXPv6GmrLjnACnKqU"
"1","2026/06/04","サイゼリヤ 亀戸北口店/NFC","-660","三井住友カード (VpassID)","食費","外食","","0","qBY-oUTReE_eKgWQzDCd-C4q5AAfvfggv-R7RxyJPNg"
"1","2026/06/03","ノート","-500","三井住友カード (VpassID)","未分類","未分類","","0","QO88HV_jqVU9fc9JNy0WJ891AmtqGhAOsoVC_LytoJE"
"1","2026/06/03","X DEVELOPER PLATFORM","-828","三井住友カード (VpassID)","未分類","未分類","","0","YCXv6VsBvZdX3hjmFZ2Lh32DQPruDS-JSK1LzUk2jH8"
"1","2026/06/03","APPLE COM BILL","-3000","三井住友カード (VpassID)","特別な支出","仕事用","","0","__IAWEZBnv9ZR8-mcAQwN6Z9PpVUufX01sxiiPoMF-8"
"1","2026/06/02","テスウリヨウ","-154","横浜銀行","その他","雑費","","0","npbpnnxDMdxR1Xj6Lhip2hSLonN3R5VRCKIvhJoZcCA"
"1","2026/06/02","インタ-ネツト ミツイスミトモカ-ド (カ","-243527","横浜銀行","現金・カード","カード引き落とし","","0","C_GPlZ6MflEWdZiNg6BOxFa9c5_RDA9hyRh-fE6MaN0"
"1","2026/06/02","APPLE COM BILL","-1080","三井住友カード (VpassID)","特別な支出","仕事用","","0","Ak9SOZysWOJLK8r3nVi4F-jwXp800rIpLxVZiEiKJXU"
"1","2026/06/02","ANTHROPIC","-1818","三井住友カード (VpassID)","通信費","情報サービス","","0","WiBWZ7ar4gBfkPDcTXltZTQDMdYBcPxxl3TsCoN0PNY"
"1","2026/06/01","松屋フーズ - 亀戸店","-350","PayPay","未分類","未分類","","0","E7m6eDBcg92OuSfQKVlf6XVVMvS7p8HiLnqfg0nUGS8"
"1","2026/06/01","さとし","6000","PayPay","収入","給与","","0","vzcNJYEhUHM4ZyZDRfWEqgg13q0LPrMdjT9IZPYAkAs"
"1","2026/06/01","松屋フーズ - 亀戸店","-350","PayPay","未分類","未分類","","0","SC93N6zQpRHuyaVCsw-aOPYOjtBatLlOFzWu1auQcUE"
"1","2026/06/01","さとし","6000","PayPay","収入","給与","","0","CVUPOamZ9yjQ1LkZhk5uZYIJ6yAB776Wk2uS4bwMTP4"
"1","2026/06/01","インタ-ネツト カ)ビ-ト アイス","-60000","横浜銀行","住宅","家賃・地代","","0","wK9dSG3uW9gBsx4J7qd5hqWRKchvJ8HONMUPlLhj6t0"
"0","2026/06/01","コウザフリカエ ポケツトカ-ド","-2520","横浜銀行","現金・カード","カード引き落とし","","1","UNUYhckBDEbfi3UrrArEnagnfcuf5MwMvRAG60Sh3IM"
"1","2026/06/01","ハヤママチ ケイジドウシヤゼイ","-6000","横浜銀行","税・社会保障","その他税・社会保障","","0","GKiJB6XjB7Rx4-ZgQhx7Au6_4pz7XeM0tUoSqDeNoNo"
"1","2026/06/01","AP/ChargeSPOT","-430","ポケットカード","未分類","未分類","","0","Ll_-Y9qtpGsiiq__IkH6eZfC-bsOMYcSDzVeaMsxk0k"
"1","2026/06/01","AP/ChargeSPOT","-165","ポケットカード","未分類","未分類","","0","RJsbGSZBkYw3iAQneL2eUFzoh-h0N71Lxhi44YD0pYo"
